1758861630.0221028, 0.1, 0.0, 1
1758861631.0220373, 1.1, 29.11, 1
1758861632.022988, 2.1, 26.94, 1
1758861633.0243206, 3.1, 24.29, 1
1758861634.0253127, 4.1, 24.82, 1
1758861635.0265849, 5.1, 31.47, 2
1758861636.02663, 6.1, 51.65, 2
1758861637.0278616, 7.1, 46.04, 2
1758861638.0277436, 8.1, 50.43, 2
1758861639.0287907, 9.1, 54.04, 2
1758861640.0303626, 10.1, 66.55, 4
1758861641.031243, 11.1, 95.12, 4
1758861642.0819776, 12.1, 104.34, 4
1758861643.0699525, 13.1, 99.56, 4
1758861644.0365083, 14.1, 96.72, 4
1758861645.0369244, 15.1, 116.49, 6
1758861646.0381627, 16.1, 131.42, 6
1758861647.039962, 17.1, 101.72, 6
1758861648.0408375, 18.1, 112.42, 6
1758861649.041861, 19.1, 78.47, 6
1758861650.0458093, 20.1, 99.05, 5
1758861651.0449038, 21.1, 87.85, 5
1758861652.0485146, 22.1, 112.86, 5
1758861653.0462484, 23.1, 85.42, 5
1758861654.047903, 24.1, 122.07, 5
1758861655.049503, 25.1, 83.57, 1
1758861656.0505917, 26.1, 22.84, 1
1758861657.0512102, 27.1, 24.39, 1
1758861658.0520165, 28.1, 27.17, 1
1758861659.0534294, 29.1, 26.82, 1
1758861660.0542216, 30.1, 34.28, 2
1758861661.0728915, 31.1, 53.82, 2
1758861662.0566587, 32.1, 44.65, 2
1758861663.06087, 33.1, 48.49, 2
1758861664.059014, 34.1, 53.01, 2
1758861665.0600874, 35.1, 71.18, 4
1758861666.0613592, 36.1, 96.24, 4
1758861667.0621881, 37.1, 98.66, 4
1758861668.0636125, 38.1, 90.99, 4
1758861669.0651844, 39.1, 100.55, 4
1758861670.0658865, 40.1, 129.93, 6
1758861671.0662796, 41.1, 96.35, 6
1758861672.0675528, 42.1, 71.88, 6
1758861673.0696237, 43.1, 146.02, 6
1758861674.0700483, 44.1, 73.65, 6
1758861675.0706336, 45.1, 142.3, 7
1758861676.0720131, 46.1, 46.84, 7
1758861677.0730093, 47.1, 126.51, 7
1758861678.0746722, 48.1, 109.59, 7
1758861679.0753987, 49.1, 90.03, 7
1758861680.0769095, 50.1, 116.74, 5
1758861681.0774617, 51.1, 122.75, 5
1758861682.0783935, 52.1, 94.47, 5
1758861683.079626, 53.1, 105.17, 5
1758861684.0804846, 54.1, 119.8, 5
1758861685.0824442, 55.1, 100.51, 4
1758861686.0836396, 56.1, 100.97, 4
1758861687.0842397, 57.1, 95.85, 4
1758861688.0855339, 58.1, 98.84, 4
1758861689.0867, 59.1, 90.7, 4
1758861690.0873532, 60.1, 109.62, 5
1758861691.091944, 61.1, 119.53, 5
1758861692.0915163, 62.1, 95.23, 5
1758861693.0939786, 63.1, 83.48, 5
1758861694.0950665, 64.1, 114.36, 5
1758861695.09297, 65.1, 114.97, 6
1758861696.094156, 66.1, 77.7, 6
1758861697.0952828, 67.1, 53.52, 6
1758861698.0981815, 68.1, 29.62, 6
1758861699.1103723, 69.1, 65.91, 2
1758861700.0978906, 70.1, 54.77, 2
1758861701.0992754, 71.1, 36.76, 2
1758861702.1006417, 72.1, 50.78, 2
1758861703.105472, 73.1, 49.62, 2
1758861704.1028004, 74.1, 51.0, 1
1758861705.1025105, 75.1, 24.35, 1
1758861706.1050074, 76.1, 27.43, 1
1758861707.1048205, 77.1, 25.56, 1
1758861708.107523, 78.1, 21.77, 1
1758861709.1131258, 79.1, 26.74, 2
1758861710.1090887, 80.1, 48.59, 2
1758861711.1102107, 81.1, 51.22, 2
1758861712.1107419, 82.1, 47.53, 2
1758861713.112205, 83.1, 46.56, 2
1758861714.1140668, 84.1, 56.72, 4
1758861715.1150732, 85.1, 90.55, 4
1758861716.1160283, 86.1, 89.47, 4
1758861717.1167786, 87.1, 85.41, 4
1758861718.1166914, 88.1, 74.75, 4
1758861719.1183658, 89.1, 96.5, 5
1758861720.1193256, 90.1, 82.92, 5
1758861721.123807, 91.2, 105.79, 5
1758861722.12058, 92.2, 76.69, 5
1758861723.1221557, 93.2, 53.95, 5
1758861724.126656, 94.2, 39.27, 2
1758861725.1252823, 95.2, 42.51, 2
1758861726.1277616, 96.2, 42.39, 2
1758861727.1270502, 97.2, 51.73, 2
1758861728.1280026, 98.2, 57.23, 2
1758861729.1311345, 99.2, 42.37, 1
1758861730.1307554, 100.2, 27.4, 1
1758861731.1320968, 101.2, 23.6, 1
1758861732.1333332, 102.2, 23.46, 1
1758861733.1347613, 103.2, 21.59, 1
1758861734.1362958, 104.2, 38.71, 2
1758861735.1373377, 105.2, 43.12, 2
1758861736.1381798, 106.2, 39.59, 2
1758861737.13956, 107.2, 30.66, 2
1758861738.1402745, 108.2, 38.57, 2
1758861739.1422317, 109.2, 68.75, 3
1758861740.142552, 110.2, 75.85, 3
1758861741.1436527, 111.2, 77.43, 3
1758861742.1453872, 112.2, 82.3, 3
1758861743.1467934, 113.2, 76.66, 3
1758861744.1490526, 114.2, 114.88, 7
1758861745.1502085, 115.2, 112.3, 7
1758861746.1512108, 116.2, 35.52, 7
1758861747.1525984, 117.2, 148.62, 7
1758861748.1538835, 118.2, 77.91, 7
1758861749.1547468, 119.2, 85.01, 8
1758861750.1560965, 120.2, 91.2, 8
1758861751.1605735, 121.2, 106.11, 8
1758861752.1566362, 122.2, 62.75, 8
1758861753.1575074, 123.2, 114.19, 8
1758861754.1592743, 124.2, 59.55, 3
1758861755.1599195, 125.2, 67.63, 3
1758861756.1666465, 126.2, 73.04, 3
1758861757.1630373, 127.2, 75.34, 3
1758861758.1636267, 128.2, 72.57, 3
1758861759.1649895, 129.2, 60.71, 2
1758861760.1657457, 130.2, 53.24, 2
1758861761.1678646, 131.2, 41.35, 2
1758861762.1689606, 132.2, 50.4, 2
1758861763.170353, 133.2, 58.15, 2
1758861764.1713972, 134.2, 72.38, 3
1758861765.172123, 135.2, 80.88, 3
1758861766.1738012, 136.2, 66.58, 3
1758861767.1742258, 137.2, 78.06, 3
1758861768.1762466, 138.2, 70.03, 4
1758861769.1769216, 139.2, 103.24, 4
1758861770.1777248, 140.2, 90.58, 4
1758861771.1881917, 141.2, 101.86, 4
1758861772.1794689, 142.2, 104.92, 4
1758861773.18047, 143.2, 103.51, 6
1758861774.1818786, 144.2, 122.18, 6
1758861775.1820374, 145.2, 92.19, 6
1758861776.1837327, 146.2, 48.02, 6
1758861777.1849892, 147.2, 0.0, 6
1758861778.1867406, 148.2, 0.0, 4
1758861779.188264, 149.2, 0.0, 2
1758861780.1889875, 150.2, 0.0, 2
1758861781.1909788, 151.2, 0.0, 2
1758861782.2362304, 152.2, 0.0, 0
1758861783.19253, 153.2, 0.0, 6
1758861784.1935604, 154.2, 0.0, 6
1758861785.19471, 155.2, 0.0, 6
1758861786.2758436, 156.2, 0.0, 0
1758861787.3380759, 157.2, 0.0, 0
1758861788.2012467, 158.2, 0.0, 8
1758861789.201569, 159.2, 0.0, 8
1758861790.2027688, 160.2, 0.0, 8
1758861791.2491102, 161.2, 0.0, 0
1758861792.204178, 162.2, 0.0, 0
1758861793.2053154, 163.2, 0.0, 8
1758861794.2067087, 164.2, 0.0, 8
1758861795.2074432, 165.2, 0.0, 8
1758861796.2537448, 166.2, 0.0, 0
1758861797.2540367, 167.2, 0.0, 0
1758861798.2119575, 168.2, 60.7, 8
1758861799.2137465, 169.2, 128.15, 8
1758861800.2137485, 170.2, 34.41, 8
1758861801.2156818, 171.2, 107.01, 8
1758861802.2161877, 172.2, 129.41, 8
1758861803.21731, 173.2, 74.61, 8
1758861804.2191808, 174.2, 108.2, 8
1758861805.2204416, 175.2, 68.72, 8
1758861806.221321, 176.3, 102.87, 8
1758861807.222153, 177.3, 80.02, 8
1758861808.2232947, 178.3, 51.95, 8
1758861809.2247226, 179.3, 68.1, 8
1758861810.2256844, 180.3, 45.85, 8
1758861811.227799, 181.3, 23.77, 8
1758861812.2268872, 182.3, 19.66, 7
1758861813.2295327, 183.3, 38.85, 6
1758861814.2313135, 184.3, 4.8, 4
1758861815.232143, 185.3, 68.5, 4
1758861816.233432, 186.3, 40.91, 4
1758861817.2344618, 187.3, 21.87, 4
1758861818.236318, 188.3, 59.97, 7
1758861819.2373245, 189.3, 22.88, 7
1758861820.2422051, 190.3, 24.81, 6
1758861821.2393756, 191.3, 79.89, 6
1758861822.2435932, 192.3, 67.64, 5
1758861823.242132, 193.3, 49.92, 5
1758861824.2436378, 194.3, 26.0, 5
1758861825.2439566, 195.3, 54.1, 5
1758861826.2455542, 196.3, 36.47, 5
1758861827.2464368, 197.3, 33.04, 5
1758861828.2480078, 198.3, 20.27, 2
1758861829.2492003, 199.3, 28.79, 2
1758861830.2493336, 200.3, 22.22, 2
1758861831.250298, 201.3, 40.52, 2
1758861832.2510087, 202.3, 21.42, 2
1758861833.2526016, 203.3, 54.47, 3
1758861834.253782, 204.3, 18.51, 3
1758861835.2547088, 205.3, 34.1, 3
1758861836.2561371, 206.3, 30.35, 3
1758861837.2570825, 207.3, 48.0, 3
1758861838.2585077, 208.3, 49.65, 7
1758861839.2599747, 209.3, 37.71, 7
1758861840.2606528, 210.3, 27.68, 7
1758861841.2669802, 211.3, 37.37, 6
1758861842.2640536, 212.3, 89.99, 5
1758861843.2652984, 213.3, 41.72, 5
1758861844.2652493, 214.3, 21.56, 5
1758861845.2668188, 215.3, 43.98, 5
1758861846.2676237, 216.3, 15.56, 4
1758861847.2679195, 217.3, 29.36, 4
1758861848.270368, 218.3, 36.84, 3
1758861849.2711205, 219.3, 23.19, 3
1758861850.2721875, 220.3, 32.85, 3
1758861851.2733874, 221.3, 18.87, 3
1758861852.2743065, 222.3, 16.37, 5
1758861853.2753644, 223.3, 50.75, 5
1758861854.2762117, 224.3, 24.76, 5
1758861855.2772326, 225.3, 12.66, 5
1758861856.2783868, 226.3, 58.3, 4
1758861857.2795794, 227.3, 29.89, 4
1758861858.280855, 228.3, 1.42, 4
1758861859.281904, 229.3, 47.71, 3
1758861860.2829435, 230.3, 12.03, 3
1758861861.2843127, 231.3, 32.31, 3
1758861862.285664, 232.3, 26.73, 5
1758861863.2870386, 233.3, 39.31, 5
1758861864.2878757, 234.3, 33.48, 5
1758861865.2885585, 235.3, 36.59, 4
1758861866.2907443, 236.3, 43.4, 4
1758861867.29145, 237.3, 44.01, 5
1758861868.2931607, 238.3, 27.39, 5
1758861869.2941382, 239.3, 4.48, 5
1758861870.2951393, 240.3, 45.64, 5
1758861871.2961373, 241.3, 40.13, 4
1758861872.297981, 242.3, 26.65, 5
1758861873.2994635, 243.3, 33.78, 5
1758861874.3004096, 244.3, 17.35, 5
1758861875.3011143, 245.3, 50.32, 4
1758861876.3026567, 246.3, 21.79, 4
1758861877.3034928, 247.3, 24.24, 2
1758861878.3045397, 248.3, 20.37, 2
1758861879.3061426, 249.3, 23.46, 1
1758861880.307146, 250.3, 23.61, 1
1758861881.3082116, 251.3, 28.4, 1
1758861882.3096402, 252.3, 65.72, 5
1758861883.3134677, 253.3, 111.05, 5
1758861884.3109074, 254.3, 83.75, 5
1758861885.3594131, 255.3, 53.78, 5
1758861886.3626714, 256.3, 35.26, 5
1758861887.3596928, 257.3, 32.75, 0
1758861888.3155127, 258.3, 0.0, 0
1758861889.3351872, 259.3, 0.0, 0
1758861890.3345268, 260.3, 0.0, 0
1758861891.3198254, 261.3, 0.0, 0
1758861892.3214765, 262.4, 27.05, 2
1758861893.322312, 263.4, 52.51, 2
1758861894.3238213, 264.4, 50.55, 2
1758861895.3245044, 265.4, 47.88, 2
1758861896.325655, 266.4, 46.29, 2
1758861897.3271954, 267.4, 76.19, 4
1758861898.328751, 268.4, 84.48, 4
1758861899.3328028, 269.4, 93.05, 4
1758861900.330211, 270.4, 93.21, 4
1758861901.3362992, 271.4, 108.29, 4
1758861902.3338513, 272.4, 134.69, 6
1758861903.3349464, 273.4, 57.51, 6
1758861904.3356538, 274.4, 135.26, 6
1758861905.3373928, 275.4, 60.08, 6
1758861906.337853, 276.4, 112.21, 6
1758861907.3393543, 277.4, 89.35, 5
1758861908.3407905, 278.4, 117.04, 5
1758861909.3425682, 279.4, 120.49, 5
1758861910.3428001, 280.4, 50.77, 5
1758861911.3938591, 281.4, 118.53, 5
1758861912.3946092, 282.4, 93.74, 4
1758861913.3948777, 283.4, 87.88, 4
1758861914.394711, 284.4, 98.86, 4
1758861915.3956692, 285.4, 101.78, 4
1758861916.395506, 286.4, 103.2, 3
1758861917.3931203, 287.4, 78.24, 3
1758861918.3949943, 288.4, 85.11, 3
1758861919.3992364, 289.4, 85.35, 3
1758861920.3986745, 290.4, 75.49, 3
1758861921.4024687, 291.4, 72.73, 4
1758861922.4053826, 292.4, 93.45, 4
1758861923.4054646, 293.4, 93.79, 4
1758861924.4053118, 294.4, 99.28, 4
1758861925.408399, 295.4, 101.84, 4
1758861926.41362, 296.4, 95.52, 5
1758861927.4132829, 297.4, 118.03, 5
1758861928.4145167, 298.4, 120.05, 5
1758861929.4086483, 299.4, 115.33, 5
1758861930.3645873, 300.4, 104.0, 5
1758861931.366705, 301.4, 111.0, 6
1758861932.366645, 302.4, 117.89, 6
1758861933.3681788, 303.4, 103.79, 6
1758861934.380352, 304.4, 44.62, 6
1758861935.372228, 305.4, 124.84, 6
1758861936.3738415, 306.4, 114.8, 5
1758861937.3726196, 307.4, 115.94, 5
1758861938.3741186, 308.4, 105.94, 5
1758861939.375531, 309.4, 108.27, 5
1758861940.37603, 310.4, 103.99, 5
1758861941.3780146, 311.4, 85.26, 4
1758861942.3790255, 312.4, 96.49, 4
1758861943.3798385, 313.4, 97.18, 4
1758861944.3818386, 314.4, 97.38, 4
1758861945.3824406, 315.4, 106.8, 4
1758861946.3830001, 316.4, 93.68, 5
1758861947.384871, 317.4, 126.48, 5
1758861948.3858452, 318.4, 127.93, 5
1758861949.3860784, 319.4, 115.59, 5
1758861950.387168, 320.4, 90.1, 5
1758861951.387535, 321.4, 102.37, 4
1758861952.3886805, 322.4, 0.0, 4
1758861953.390115, 323.4, 0.0, 4
1758861954.4395006, 324.4, 0.0, 1
1758861955.4366498, 325.4, 0.0, 1
1758861956.3934743, 326.4, 0.0, 7
1758861957.3948748, 327.4, 0.0, 6
1758861958.395842, 328.4, 0.0, 6
1758861959.4354317, 329.4, 0.0, 0
1758861960.4416354, 330.4, 0.0, 0
1758861961.397744, 331.4, 0.0, 8
1758861962.3991582, 332.4, 0.0, 8
1758861963.4004698, 333.4, 0.0, 8
1758861964.4407287, 334.4, 0.0, 0
1758861965.4020765, 335.4, 0.0, 0
1758861966.4036822, 336.4, 0.0, 8
1758861967.4046743, 337.4, 0.0, 8
1758861968.4070563, 338.4, 0.0, 8
1758861969.4238691, 339.4, 0.0, 0
1758861970.4605849, 340.4, 0.0, 0
1758861971.4092517, 341.4, 0.0, 8
1758861972.410081, 342.4, 0.0, 8
1758861973.4114223, 343.4, 0.0, 8
1758861974.4568717, 344.4, 0.0, 0
1758861975.4137785, 345.4, 0.0, 0
1758861976.414057, 346.4, 84.99, 5
1758861977.415312, 347.4, 122.14, 5
1758861978.4166396, 348.4, 109.85, 5
1758861979.4180434, 349.4, 59.59, 5
1758861980.418592, 350.4, 13.51, 5
1758861981.4204397, 351.5, 97.8, 6
1758861982.420236, 352.5, 96.18, 6
1758861983.42185, 353.5, 61.36, 6
1758861984.4224696, 354.5, 65.44, 6
1758861985.4246945, 355.5, 40.34, 6
1758861986.4254742, 356.5, 19.48, 5
1758861987.4264214, 357.5, 17.61, 4
1758861988.4280677, 358.5, 17.37, 4
1758861989.4290164, 359.5, 27.73, 4
1758861990.4301775, 360.5, 21.35, 4
1758861991.4329994, 361.5, 42.24, 5
1758861992.4334998, 362.5, 19.47, 5
1758861993.4336693, 363.5, 43.05, 4
1758861994.4382024, 364.5, 28.54, 4
1758861995.4375086, 365.5, 21.09, 4
1758861996.4376004, 366.5, 39.68, 4
1758861997.4391067, 367.5, 12.19, 4
1758861998.4399061, 368.5, 30.62, 4
1758861999.44152, 369.5, 30.2, 4
1758862000.4421506, 370.5, 15.48, 4
1758862001.443764, 371.5, 18.19, 4
1758862002.4444866, 372.5, 48.9, 4
1758862003.4464967, 373.5, 31.67, 4
1758862004.4475627, 374.5, 42.06, 4
1758862005.4487772, 375.5, 60.51, 5
1758862006.450028, 376.5, 23.97, 5
1758862007.450494, 377.5, 6.65, 5
1758862008.452266, 378.5, 52.89, 3
1758862009.454108, 379.5, 12.63, 3
1758862010.4552891, 380.5, 35.15, 1
1758862011.4555352, 381.5, 0.0, 1
1758862012.4570434, 382.5, 11.8, 1
1758862013.4577467, 383.5, 13.66, 1
1758862014.460029, 384.5, 24.03, 1
1758862015.46135, 385.5, 35.17, 4
1758862016.462232, 386.5, 91.26, 4
1758862017.4625807, 387.5, 66.39, 4
1758862018.4646156, 388.5, 24.52, 4
1758862019.465268, 389.5, 14.36, 4
1758862020.4668593, 390.5, 47.52, 0
1758862021.468278, 391.5, 1.72, 0
1758862022.4688776, 392.5, 0.0, 0
1758862023.4702997, 393.5, 0.0, 0
1758862024.4712427, 394.5, 0.0, 0
1758862025.473526, 395.5, 20.11, 2
1758862026.4745836, 396.5, 48.92, 2
1758862027.4760253, 397.5, 44.8, 2
1758862028.4772587, 398.5, 57.09, 2
1758862029.4769657, 399.5, 47.17, 2
1758862030.4785862, 400.5, 78.17, 4
1758862031.4803512, 401.5, 95.25, 4
1758862032.4805102, 402.5, 71.51, 4
1758862033.482144, 403.5, 41.46, 4
1758862034.483298, 404.5, 7.45, 4
1758862035.4846225, 405.5, 63.61, 3
1758862036.485537, 406.5, 59.1, 3
1758862037.487067, 407.5, 75.87, 3
1758862038.4877965, 408.5, 75.44, 3
1758862039.488786, 409.5, 58.76, 3
1758862040.489612, 410.5, 49.79, 1
1758862041.4903169, 411.5, 21.05, 1
1758862042.4916189, 412.5, 29.87, 1
1758862043.4930837, 413.5, 21.62, 1
1758862044.4944444, 414.5, 25.56, 1
1758862045.4959311, 415.5, 37.11, 2
1758862046.4974732, 416.5, 46.61, 2
1758862047.4985757, 417.5, 41.37, 2
1758862048.4998796, 418.5, 57.99, 2
1758862049.5012126, 419.5, 46.46, 2
1758862050.5025654, 420.5, 96.26, 4
1758862051.5038443, 421.5, 86.74, 4
1758862052.5052986, 422.5, 65.61, 4
1758862053.5069635, 423.5, 81.02, 4
1758862054.5074584, 424.5, 92.6, 4
1758862055.5075178, 425.5, 85.17, 5
1758862056.5087352, 426.5, 36.08, 5
1758862057.5127888, 427.5, 45.81, 5
1758862058.5104222, 428.5, 49.83, 5
1758862059.511433, 429.5, 23.09, 5
1758862060.5125651, 430.5, 20.72, 1
1758862061.5137775, 431.5, 21.0, 1
1758862062.5153353, 432.5, 22.53, 1
1758862063.5169358, 433.5, 21.86, 1
1758862064.5185719, 434.5, 25.13, 2
1758862065.519546, 435.5, 45.79, 2
1758862066.520187, 436.6, 48.85, 2
1758862067.5212953, 437.6, 46.13, 2
1758862068.523319, 438.6, 56.13, 2
1758862069.524311, 439.6, 48.97, 4
1758862070.5241683, 440.6, 108.0, 4
1758862071.5263357, 441.6, 68.97, 4
1758862072.5273547, 442.6, 63.77, 4
1758862073.528287, 443.6, 76.4, 4
1758862074.52887, 444.6, 82.38, 5
1758862075.5302575, 445.6, 72.55, 5
1758862076.5313606, 446.6, 54.29, 5
1758862077.5326734, 447.6, 46.29, 5
1758862078.5334787, 448.6, 31.94, 5
1758862079.534937, 449.6, 35.17, 1
1758862080.535772, 450.6, 22.74, 1
1758862081.5367079, 451.6, 26.06, 1
1758862082.5380652, 452.6, 26.11, 1
1758862083.539183, 453.6, 24.99, 1
1758862084.5405204, 454.6, 22.98, 1
1758862085.5405602, 455.6, 20.55, 1
1758862086.541946, 456.6, 27.93, 1
1758862087.5436125, 457.6, 23.99, 1
1758862088.544458, 458.6, 29.78, 1
1758862089.5462265, 459.6, 35.24, 2
1758862090.5478125, 460.6, 49.32, 2
1758862091.5485537, 461.6, 52.0, 2
1758862092.5489488, 462.6, 44.6, 2
1758862093.549419, 463.6, 52.3, 2
1758862094.551946, 464.6, 73.24, 4
1758862095.5523205, 465.6, 94.27, 4
1758862096.552136, 466.6, 79.96, 4
1758862097.5537977, 467.6, 48.13, 4
1758862098.5549667, 468.6, 26.55, 4
1758862099.5557625, 469.6, 33.55, 2
1758862100.5566685, 470.6, 41.05, 2
1758862101.5578294, 471.6, 49.62, 2
1758862102.5587218, 472.6, 53.58, 2
1758862103.5603905, 473.6, 54.27, 2
1758862104.561264, 474.6, 115.32, 7
1758862105.5632915, 475.6, 84.97, 7
1758862106.5641382, 476.6, 40.97, 7
1758862107.5658598, 477.6, 44.86, 7
1758862108.5657966, 478.6, 55.29, 7
1758862109.567038, 479.6, 47.74, 4
1758862110.5683913, 480.6, 85.18, 4
1758862111.5698848, 481.6, 45.66, 4
1758862112.5711906, 482.6, 78.2, 4
1758862113.5724685, 483.6, 73.28, 4
1758862114.573867, 484.6, 66.31, 7
1758862115.5746603, 485.6, 29.77, 7
1758862116.5752368, 486.6, 45.46, 7
1758862117.5771046, 487.6, 59.38, 7
1758862118.5775, 488.6, 15.8, 6
1758862119.5814848, 489.6, 51.03, 6
1758862120.5798936, 490.6, 43.6, 5
1758862121.580835, 491.6, 27.53, 5
1758862122.581884, 492.6, 38.86, 5
1758862123.583748, 493.6, 28.49, 5
1758862124.5848637, 494.6, 52.09, 4
1758862125.5852807, 495.6, 7.97, 4
1758862126.5860317, 496.6, 24.74, 4
1758862127.5877354, 497.6, 33.45, 3
1758862128.5882473, 498.6, 67.43, 3
1758862129.5889611, 499.6, 10.11, 3
1758862130.5916588, 500.6, 30.45, 3
1758862131.5924194, 501.6, 29.84, 3
1758862132.5925965, 502.6, 35.08, 3
1758862133.594078, 503.6, 28.76, 3
1758862134.5952845, 504.6, 21.94, 2
1758862135.5966935, 505.6, 0.0, 2
1758862136.598254, 506.6, 40.1, 2
1758862137.5994434, 507.6, 41.42, 2
1758862138.6010473, 508.6, 3.52, 3
1758862139.6017148, 509.6, 22.53, 3
1758862140.6047091, 510.6, 46.98, 3
1758862141.6035535, 511.6, 30.19, 3
1758862142.60552, 512.6, 17.0, 3
1758862143.6065085, 513.6, 37.05, 2
1758862144.6076946, 514.6, 19.09, 2
1758862145.6088638, 515.6, 11.74, 2
1758862146.6094933, 516.6, 44.32, 2
1758862147.610935, 517.6, 39.65, 2
1758862148.612684, 518.6, 44.14, 1
1758862149.6133504, 519.6, 24.58, 1
1758862150.614779, 520.6, 2.15, 1
1758862151.6152709, 521.6, 18.79, 1
1758862152.6173007, 522.6, 18.94, 1
1758862153.618731, 523.6, 28.13, 2
1758862154.6187491, 524.6, 53.66, 2
1758862155.6199667, 525.7, 47.99, 2
1758862156.6223, 526.7, 49.04, 2
1758862157.6233313, 527.7, 57.29, 2
1758862158.6257834, 528.7, 72.82, 7
1758862159.62537, 529.7, 103.76, 7
1758862160.626593, 530.7, 56.93, 7
1758862161.6274061, 531.7, 78.3, 7
1758862162.6283135, 532.7, 29.15, 5
1758862163.6305192, 533.7, 98.11, 6
1758862164.6320148, 534.7, 26.72, 6
1758862165.6329134, 535.7, 62.76, 6
1758862166.6339025, 536.7, 19.55, 6
1758862167.63519, 537.7, 38.79, 6
1758862168.6368985, 538.7, 49.34, 6
1758862169.6374185, 539.7, 46.56, 5
1758862170.6387417, 540.7, 47.22, 5
1758862171.6393974, 541.7, 23.93, 5
1758862172.6415105, 542.7, 30.17, 5
1758862173.6425018, 543.7, 39.65, 3
1758862174.6427484, 544.7, 17.85, 3
1758862175.644652, 545.7, 32.38, 3
1758862176.645608, 546.7, 75.66, 3
1758862177.647475, 547.7, 59.44, 3
1758862178.6499834, 548.7, 49.23, 1
1758862179.654449, 549.7, 22.75, 1
1758862180.6529849, 550.7, 24.88, 1
1758862181.6573627, 551.7, 25.07, 1
1758862182.6530075, 552.7, 19.39, 1
1758862183.6544278, 553.7, 53.91, 3
1758862184.6559188, 554.7, 70.04, 3
1758862185.6568534, 555.7, 76.37, 3
1758862186.6579466, 556.7, 67.98, 3
1758862187.6599083, 557.7, 78.31, 3
1758862188.6602676, 558.7, 117.27, 7
1758862189.661515, 559.7, 43.71, 7
1758862190.6625707, 560.7, 119.34, 7
1758862191.6636143, 561.7, 80.47, 7
1758862192.6652668, 562.7, 29.1, 7
1758862193.6652384, 563.7, 116.18, 7
1758862194.6665757, 564.7, 60.38, 7
1758862195.6724765, 565.7, 49.76, 7
1758862196.6677973, 566.7, 26.32, 7
1758862197.6687942, 567.7, 53.7, 6
1758862198.6698468, 568.7, 58.06, 6
1758862199.6714292, 569.7, 42.94, 6
1758862200.672125, 570.7, 47.83, 6
1758862201.6734238, 571.7, 31.2, 6
1758862202.6744287, 572.7, 49.44, 6
1758862203.6755075, 573.7, 12.16, 4
1758862204.676702, 574.7, 39.66, 3
1758862205.6770859, 575.7, 37.53, 3
1758862206.6786125, 576.7, 31.8, 3
1758862207.6803575, 577.7, 15.26, 3
1758862208.6968281, 578.7, 7.19, 0
1758862209.681748, 579.7, 0.0, 0
1758862210.6825829, 580.7, 0.0, 0
1758862211.683944, 581.7, 0.0, 0
1758862212.6860337, 582.7, 0.0, 2
1758862213.6921377, 583.7, 45.2, 2
1758862214.689727, 584.7, 52.64, 2
1758862215.6904716, 585.7, 53.78, 2
1758862216.6912427, 586.7, 54.59, 2
1758862217.6930497, 587.7, 49.17, 4
1758862218.69367, 588.7, 93.12, 4
1758862219.6955974, 589.7, 106.02, 4
1758862220.6959376, 590.7, 79.41, 4
1758862221.6974535, 591.7, 77.64, 4
1758862222.698966, 592.7, 107.75, 5
1758862223.6999307, 593.7, 104.15, 5
1758862224.7005694, 594.7, 50.58, 5
1758862225.7021568, 595.7, 56.67, 5
1758862226.70285, 596.7, 48.5, 5
1758862227.7043386, 597.7, 28.97, 3
1758862228.7056665, 598.7, 58.49, 3
1758862229.7066422, 599.7, 11.22, 3
1758862230.7077498, 600.7, 71.03, 3
1758862231.7097845, 601.7, 76.42, 3
1758862232.709797, 602.7, 67.52, 2
1758862233.7114987, 603.7, 39.55, 2
1758862234.7124023, 604.7, 53.56, 2
1758862235.7153254, 605.7, 54.89, 2
1758862236.7164514, 606.7, 46.81, 2
1758862237.7172785, 607.7, 54.34, 3
1758862238.7185187, 608.7, 84.38, 3
1758862239.7195263, 609.7, 66.72, 3
1758862240.7204657, 610.7, 75.76, 3
1758862241.7225285, 611.8, 64.17, 3
1758862242.7237322, 612.8, 89.27, 4
1758862243.7242732, 613.8, 95.64, 4
1758862244.7252502, 614.8, 97.49, 4
1758862245.7266355, 615.8, 95.01, 4
1758862246.728274, 616.8, 91.69, 4
1758862247.7290175, 617.8, 104.18, 5
1758862248.7309148, 618.8, 113.06, 5
1758862249.73135, 619.8, 67.9, 5
1758862250.7324011, 620.8, 53.56, 5
1758862251.734096, 621.8, 77.8, 5
1758862252.7350001, 622.8, 93.8, 3
1758862253.736469, 623.8, 70.91, 3
1758862254.7370498, 624.8, 68.4, 3
1758862255.7384973, 625.8, 70.59, 3
1758862256.7396336, 626.8, 72.16, 3
1758862257.740543, 627.8, 55.01, 2
1758862258.7419715, 628.8, 46.04, 2
1758862259.7434046, 629.8, 45.79, 2
1758862260.74415, 630.8, 49.12, 2
1758862261.753533, 631.8, 57.71, 2
1758862262.7483003, 632.8, 76.19, 3
1758862263.749583, 633.8, 76.55, 3
1758862264.7604382, 634.8, 75.84, 3
1758862265.7506382, 635.8, 70.22, 3
1758862266.7527332, 636.8, 79.53, 3
1758862267.7532253, 637.8, 86.75, 4
1758862268.7540169, 638.8, 95.45, 4
1758862269.7555687, 639.8, 103.13, 4
1758862270.756132, 640.8, 95.83, 4
1758862271.7578015, 641.8, 92.62, 4
1758862272.7592294, 642.8, 118.15, 5
1758862273.7602243, 643.8, 46.0, 5
1758862274.760659, 644.8, 97.65, 5
1758862275.7625484, 645.8, 33.89, 5
1758862276.7639225, 646.8, 66.72, 5
1758862277.7642763, 647.8, 24.23, 1
1758862278.7700107, 648.8, 24.59, 1
1758862279.7693021, 649.8, 24.55, 1
1758862280.7692573, 650.8, 25.54, 1
1758862281.7711275, 651.8, 23.61, 1
1758862282.7720985, 652.8, 22.6, 1
1758862283.7737267, 653.8, 30.63, 1
1758862284.77498, 654.8, 26.25, 1
1758862285.7763505, 655.8, 23.34, 1
1758862286.779671, 656.8, 25.53, 1
1758862287.7802346, 657.8, 29.65, 1
1758862288.7799003, 658.8, 22.55, 1
1758862289.7818232, 659.8, 25.97, 1
1758862290.7825754, 660.8, 23.71, 1
1758862291.7961035, 661.8, 24.17, 1
1758862292.7869866, 662.8, 26.21, 1
1758862293.7870824, 663.8, 30.69, 1
1758862294.7880354, 664.8, 25.29, 1
1758862295.7881958, 665.8, 27.22, 1
1758862296.7908902, 666.8, 20.51, 2
1758862297.8025029, 667.8, 57.01, 2
1758862298.7936704, 668.8, 59.01, 2
1758862299.794036, 669.8, 50.64, 2
1758862300.794131, 670.8, 46.22, 2
1758862301.7968655, 671.8, 47.89, 4
1758862302.7979677, 672.8, 99.41, 4
1758862303.7993104, 673.8, 98.59, 4
1758862304.7992857, 674.8, 99.97, 4
1758862305.8002627, 675.8, 88.02, 4
1758862306.8022485, 676.8, 34.43, 6
1758862307.8036141, 677.8, 108.07, 6
1758862308.8060565, 678.8, 94.63, 6
1758862309.8055756, 679.8, 31.98, 6
1758862310.8063006, 680.8, 45.57, 6
1758862311.8081462, 681.8, 55.75, 3
1758862312.8091962, 682.8, 25.07, 3
1758862313.8103168, 683.8, 64.03, 3
1758862314.8111875, 684.8, 53.77, 3
1758862315.8128505, 685.8, 69.87, 3
1758862316.8144598, 686.8, 60.9, 1
1758862317.820256, 687.8, 25.44, 1
1758862318.8182688, 688.8, 23.01, 1
1758862319.8191094, 689.8, 25.45, 1
1758862320.8189986, 690.8, 20.84, 1
1758862321.822486, 691.9, 26.89, 2
1758862322.823253, 692.9, 47.24, 2
1758862323.824195, 693.9, 54.62, 2
1758862324.8249254, 694.9, 46.57, 2
1758862325.8263683, 695.9, 37.4, 2
1758862326.8297956, 696.9, 52.31, 3
1758862327.8301609, 697.9, 72.97, 3
1758862328.832454, 698.9, 77.23, 3
1758862329.8324323, 699.9, 80.88, 3
1758862330.833871, 700.9, 70.66, 3
1758862331.8376946, 701.9, 83.58, 5
1758862332.8372874, 702.9, 119.66, 5
1758862333.838124, 703.9, 95.42, 5
1758862334.838549, 704.9, 71.85, 5
1758862335.8396752, 705.9, 103.92, 5
1758862336.8418217, 706.9, 92.75, 6
1758862337.8425455, 707.9, 62.39, 6
1758862338.8458538, 708.9, 94.11, 6
1758862339.845597, 709.9, 38.33, 6
1758862340.8463616, 710.9, 107.37, 6
1758862341.848277, 711.9, 57.63, 4
1758862342.8491406, 712.9, 68.33, 4
1758862343.849782, 713.9, 61.93, 4
1758862344.8506901, 714.9, 16.06, 4
1758862345.853253, 715.9, 61.87, 3
1758862346.8545735, 716.9, 73.52, 5
1758862347.8550472, 717.9, 81.12, 5
1758862348.8589709, 718.9, 74.5, 5
1758862349.858057, 719.9, 60.99, 5
1758862350.8591344, 720.9, 98.95, 5
1758862351.8606524, 721.9, 106.63, 8
1758862352.8608627, 722.9, 89.86, 8
1758862353.8617077, 723.9, 81.42, 8
1758862354.862318, 724.9, 49.78, 7
1758862355.863488, 725.9, 88.9, 7
1758862356.86576, 726.9, 71.48, 7
1758862357.8665433, 727.9, 41.39, 7
1758862358.8681886, 728.9, 55.99, 7
1758862359.86932, 729.9, 100.98, 7
1758862360.869946, 730.9, 51.76, 7
1758862361.8710203, 731.9, 66.68, 7
1758862362.8724105, 732.9, 41.24, 7
1758862363.8726046, 733.9, 42.64, 7
1758862364.8738163, 734.9, 38.86, 7
1758862365.8759513, 735.9, 76.9, 5
1758862366.8772318, 736.9, 74.75, 7
1758862367.877106, 737.9, 63.19, 7
1758862368.8805306, 738.9, 20.96, 6
1758862369.8799837, 739.9, 42.94, 6
1758862370.881551, 740.9, 56.08, 6
1758862371.881775, 741.9, 28.31, 3
1758862372.8833995, 742.9, 17.32, 3
1758862373.8847215, 743.9, 64.05, 3
1758862374.8851557, 744.9, 66.86, 3
1758862375.886752, 745.9, 18.24, 3
1758862376.890644, 746.9, 15.2, 1
1758862377.8892243, 747.9, 21.91, 1
1758862378.8919377, 748.9, 22.94, 1
1758862379.8930604, 749.9, 23.82, 1
1758862380.8936422, 750.9, 24.89, 1
1758862381.8982992, 751.9, 48.85, 2
1758862382.906028, 752.9, 47.78, 2
1758862383.8986275, 753.9, 60.58, 2
1758862384.9009595, 754.9, 57.35, 2
1758862385.901222, 755.9, 65.54, 2
1758862386.9016411, 756.9, 120.12, 7
1758862387.9028127, 757.9, 66.1, 7
1758862388.9035764, 758.9, 63.57, 7
1758862389.905373, 759.9, 25.24, 6
1758862390.9063303, 760.9, 50.25, 4
1758862391.9072523, 761.9, 28.81, 4
1758862392.9081824, 762.9, 54.95, 4
1758862393.9095075, 763.9, 0.0, 4
1758862394.9100368, 764.9, 92.15, 4
1758862395.9115858, 765.9, 17.02, 7
1758862396.9131641, 766.9, 91.45, 7
1758862397.9138024, 767.9, 78.68, 7
1758862398.914813, 768.9, 33.32, 7
1758862399.9159691, 769.9, 89.03, 7
1758862400.920677, 770.9, 93.15, 5
1758862401.9222918, 771.9, 26.54, 5
1758862402.9193704, 772.9, 96.07, 5
1758862403.9202428, 774.0, 7.62, 5
1758862404.9202867, 775.0, 59.76, 5
1758862405.9226367, 776.0, 5.64, 4
1758862406.9231298, 777.0, 20.4, 3
1758862407.9246573, 778.0, 19.88, 2
1758862408.926293, 779.0, 47.26, 2
1758862409.9279625, 780.0, 30.16, 2
1758862410.9284637, 781.0, 23.63, 4
1758862411.9352496, 782.0, 8.89, 4
1758862412.9319706, 783.0, 34.53, 4
1758862413.933754, 784.0, 24.52, 3
1758862414.9348025, 785.0, 69.99, 3
1758862415.9355743, 786.0, 27.84, 2
1758862416.9376109, 787.0, 18.51, 2
1758862417.9427006, 788.0, 0.0, 2
1758862418.9442723, 789.0, 22.88, 1
1758862419.9419916, 790.0, 25.91, 1
1758862420.9420059, 791.0, 52.18, 4
1758862421.9430485, 792.0, 80.36, 4
1758862422.9428577, 793.0, 60.34, 4
1758862423.9442222, 794.0, 24.75, 4
1758862424.9444082, 795.0, 30.03, 4
1758862425.9463863, 796.0, 13.8, 0
1758862426.9481878, 797.0, 0.0, 0
1758862427.9484174, 798.0, 0.0, 0
1758862428.9767413, 799.0, 0.0, 0
1758862429.9504988, 800.0, 0.0, 0
1758862430.9516466, 801.0, 24.83, 2
1758862431.953379, 802.0, 49.21, 2
1758862432.9538782, 803.0, 48.48, 2
1758862433.954585, 804.0, 53.48, 2
1758862434.9559915, 805.0, 41.13, 2
1758862435.9583764, 806.0, 78.91, 4
1758862436.9592886, 807.0, 97.02, 4
1758862437.9603102, 808.0, 47.19, 4
1758862438.9610689, 809.0, 81.54, 4
1758862439.9623067, 810.0, 100.42, 4
1758862440.963238, 811.0, 78.31, 6
1758862441.9637175, 812.0, 21.58, 6
1758862442.9653523, 813.0, 114.32, 5
1758862443.9667351, 814.0, 99.31, 5
1758862444.9672477, 815.0, 34.17, 5
1758862445.9676986, 816.0, 40.83, 4
1758862446.9694848, 817.0, 46.78, 4
1758862447.970401, 818.0, 49.93, 4
1758862448.9716587, 819.0, 52.48, 4
1758862449.9728284, 820.0, 18.3, 4
1758862450.9753032, 821.0, 55.65, 7
1758862451.9768593, 822.0, 55.96, 7
1758862452.9774468, 823.0, 43.08, 7
1758862453.9793577, 824.0, 43.47, 7
1758862454.9797392, 825.0, 62.86, 7
1758862455.980775, 826.0, 36.39, 7
1758862456.9823744, 827.0, 39.45, 7
1758862457.9829435, 828.0, 41.34, 6
1758862458.9843316, 829.0, 46.35, 6
1758862459.9857624, 830.0, 48.65, 6
1758862460.9863355, 831.0, 32.52, 6
1758862461.9873266, 832.0, 40.68, 6
1758862462.9887545, 833.0, 27.75, 6
1758862463.9901297, 834.0, 54.33, 5
1758862464.9919832, 835.0, 23.61, 5
1758862465.993597, 836.0, 13.59, 5
1758862466.9938042, 837.0, 58.67, 5
1758862467.9946754, 838.0, 67.75, 5
1758862468.9965522, 839.0, 31.28, 5
1758862470.0005488, 840.0, 25.21, 5
1758862470.9988601, 841.0, 49.77, 5
1758862471.9993134, 842.0, 29.8, 5
1758862472.9997947, 843.0, 25.08, 5
1758862474.0019498, 844.0, 61.94, 5
1758862475.002801, 845.0, 44.44, 1
1758862476.0044987, 846.0, 2.43, 1
1758862477.0047765, 847.0, 13.93, 1
1758862478.0061243, 848.0, 22.26, 1
1758862479.0074506, 849.0, 24.63, 1
1758862480.0089407, 850.0, 32.31, 2
1758862481.0098104, 851.0, 46.05, 2
1758862482.0107627, 852.0, 47.68, 2
1758862483.0114458, 853.0, 57.12, 2
1758862484.0143406, 854.0, 52.89, 2
1758862485.016569, 855.0, 71.64, 6
1758862486.0154104, 856.0, 89.82, 6
1758862487.0219536, 857.0, 52.99, 6
1758862488.0174751, 858.0, 28.92, 6
1758862489.0188017, 859.0, 42.97, 6
1758862490.0177178, 860.0, 56.83, 5
1758862491.0200374, 861.0, 22.09, 5
1758862492.021681, 862.1, 34.56, 4
1758862493.0222878, 863.1, 23.67, 4
1758862494.0240068, 864.1, 45.13, 4
1758862495.024755, 865.1, 7.63, 3
1758862496.0256014, 866.1, 11.78, 3
1758862497.0266511, 867.1, 33.45, 3
1758862498.0275488, 868.1, 46.44, 2
1758862499.029772, 869.1, 7.28, 2
1758862500.0303528, 870.1, 28.79, 4
1758862501.0324283, 871.1, 27.97, 4
1758862502.032146, 872.1, 9.64, 4
1758862503.0332582, 873.1, 32.67, 4
1758862504.034556, 874.1, 36.02, 4
1758862505.035656, 875.1, 29.63, 0
1758862506.0371912, 876.1, 0.0, 0
1758862507.037693, 877.1, 0.0, 0
1758862508.0540707, 878.1, 0.0, 0
1758862509.098096, 879.1, 0.0, 0
1758862510.0440774, 880.1, 45.86, 3
1758862511.0475411, 881.1, 70.51, 3
1758862512.0463479, 882.1, 86.12, 3
1758862513.0496492, 883.1, 72.7, 3
1758862514.0492926, 884.1, 75.34, 3
1758862515.0504897, 885.1, 117.42, 6
1758862516.0510702, 886.1, 60.08, 6
1758862517.0517182, 887.1, 29.92, 6
1758862518.0535095, 888.1, 42.65, 6
1758862519.055195, 889.1, 37.31, 5
1758862520.0581968, 890.1, 33.72, 4
1758862521.05715, 891.1, 10.27, 3
1758862522.0581753, 892.1, 46.51, 3
1758862523.0594294, 893.1, 35.28, 3
1758862524.0612352, 894.1, 20.75, 3
1758862525.0616338, 895.1, 37.68, 5
1758862526.062721, 896.1, 24.21, 5
1758862527.0634916, 897.1, 29.23, 5
1758862528.0649126, 898.1, 43.26, 5
1758862529.065778, 899.1, 25.18, 5
1758862530.0672355, 900.1, 14.05, 4
1758862531.070298, 901.1, 25.25, 1
1758862532.0698223, 902.1, 29.34, 1
1758862533.0740986, 903.1, 10.04, 1
1758862534.0730011, 904.1, 11.64, 1
1758862535.0739849, 905.1, 59.39, 7
1758862536.0749266, 906.1, 82.18, 7
1758862537.0759306, 907.1, 76.88, 7
1758862538.0767314, 908.1, 67.34, 7
1758862539.078535, 909.1, 42.88, 7
1758862540.078891, 910.1, 57.57, 7
1758862541.0803123, 911.1, 22.99, 7
1758862542.0812104, 912.1, 57.99, 7
1758862543.0833697, 913.1, 30.21, 7
1758862544.0847218, 914.1, 65.85, 7
1758862545.0846157, 915.1, 37.21, 6
1758862546.0851274, 916.1, 35.49, 5
1758862547.085569, 917.1, 32.23, 5
1758862548.0874515, 918.1, 34.11, 4
1758862549.088792, 919.1, 23.55, 6
1758862550.089942, 920.1, 56.04, 6
1758862551.090585, 921.1, 58.37, 6
1758862552.0916038, 922.1, 73.67, 6
1758862553.0932314, 923.1, 32.93, 6
1758862554.094934, 924.1, 42.63, 6
1758862555.0958402, 925.1, 47.72, 4
1758862556.0971324, 926.1, 33.78, 4
1758862557.0972383, 927.1, 30.32, 4
1758862558.098967, 928.1, 26.16, 4
1758862559.100526, 929.1, 30.66, 6
1758862560.1009684, 930.1, 63.59, 6
1758862561.1046374, 931.1, 40.5, 6
1758862562.1023364, 932.1, 35.03, 6
1758862563.10437, 933.1, 30.52, 5
1758862564.105874, 934.1, 55.41, 6
1758862565.1060493, 935.1, 29.19, 6
1758862566.1071713, 936.1, 35.8, 5
1758862567.1081452, 937.1, 54.89, 5
1758862568.109334, 938.1, 17.18, 5
1758862569.1098394, 939.1, 42.09, 3
1758862570.1113708, 940.1, 14.62, 3
1758862571.1119552, 941.1, 10.94, 3
1758862572.1131904, 942.1, 60.58, 3
1758862573.1148822, 943.1, 22.37, 3
1758862574.1160407, 944.1, 38.32, 2
1758862575.1168585, 945.1, 37.06, 2
1758862576.1180437, 946.1, 15.83, 2
1758862577.1189628, 947.1, 32.24, 2
1758862578.122599, 948.2, 8.39, 2
1758862579.1229897, 949.2, 45.61, 5
1758862580.1228795, 950.2, 47.84, 5
1758862581.1239557, 951.2, 28.35, 5
1758862582.1247845, 952.2, 42.11, 5
1758862583.125977, 953.2, 65.11, 5
1758862584.1275518, 954.2, 63.99, 7
1758862585.128195, 955.2, 55.34, 7
1758862586.1293116, 956.2, 30.7, 7
1758862587.1302023, 957.2, 41.58, 4
1758862588.1316373, 958.2, 18.53, 4
1758862589.133386, 959.2, 63.48, 6
1758862590.134261, 960.2, 21.59, 5
1758862591.137764, 961.2, 57.21, 5
1758862592.135374, 962.2, 25.89, 5
1758862593.1360624, 963.2, 32.53, 5
1758862594.1383307, 964.2, 32.63, 4
1758862595.1392004, 965.2, 8.28, 4
1758862596.1401842, 966.2, 33.42, 4
1758862597.1411338, 967.2, 9.97, 4
1758862598.142103, 968.2, 27.7, 3
1758862599.1437576, 969.2, 72.37, 5
1758862600.1445417, 970.2, 24.68, 5
1758862601.1456804, 971.2, 34.8, 5
1758862602.1470077, 972.2, 27.95, 5
1758862603.1480477, 973.2, 20.05, 3
1758862604.1495845, 974.2, 72.01, 6
1758862605.1497254, 975.2, 42.32, 6
1758862606.1508486, 976.2, 35.89, 6
1758862607.15246, 977.2, 66.08, 6
1758862608.1526093, 978.2, 13.54, 6
1758862609.15672, 979.2, 63.46, 6
1758862610.1555893, 980.2, 38.64, 6
1758862611.1555777, 981.2, 34.95, 6
1758862612.1567955, 982.2, 48.42, 6
1758862613.1578321, 983.2, 29.44, 6
1758862614.1595013, 984.2, 31.32, 5
1758862615.1602447, 985.2, 12.43, 5
1758862616.1621382, 986.2, 73.6, 5
1758862617.1630735, 987.2, 25.61, 5
1758862618.1649654, 988.2, 48.0, 5
1758862619.1654606, 989.2, 17.82, 3
1758862620.1663496, 990.2, 38.59, 3
1758862621.1670728, 991.2, 32.04, 3
1758862622.1681383, 992.2, 56.7, 3
1758862623.1697042, 993.2, 7.43, 4
1758862624.1699154, 994.2, 40.63, 4
1758862625.1715763, 995.2, 6.57, 4
1758862626.1722736, 996.2, 39.99, 4
1758862627.1770391, 997.2, 62.06, 4
1758862628.173949, 998.2, 20.98, 6
1758862629.17577, 999.2, 21.84, 6
1758862630.1762338, 1000.2, 61.55, 4
1758862631.1769814, 1001.2, 31.48, 4
1758862632.1782684, 1002.2, 18.52, 4
1758862633.1804905, 1003.2, 92.48, 4
1758862634.1812537, 1004.2, 90.6, 4
1758862635.182041, 1005.2, 69.0, 4
1758862636.1826057, 1006.2, 24.83, 4
1758862637.183756, 1007.2, 3.72, 4
1758862638.1853807, 1008.2, 60.63, 3
1758862639.186375, 1009.2, 37.37, 3
1758862640.1952734, 1010.2, 31.84, 3
1758862641.1922998, 1011.2, 22.22, 3
1758862642.194101, 1012.2, 15.05, 3
1758862643.191646, 1013.2, 36.66, 5
1758862644.1972845, 1014.2, 22.46, 5
1758862645.1970615, 1015.2, 36.76, 5
1758862646.195886, 1016.2, 36.69, 5
1758862647.1966944, 1017.2, 5.73, 4
1758862648.2009723, 1018.2, 39.75, 5
1758862649.1990056, 1019.2, 41.07, 5
1758862650.1999857, 1020.2, 35.84, 5
1758862651.2009716, 1021.2, 33.44, 5
1758862652.2023244, 1022.2, 35.51, 5
1758862653.2038279, 1023.2, 39.58, 5
1758862654.2051232, 1024.2, 40.41, 5
1758862655.2060525, 1025.2, 7.02, 5
1758862656.2074065, 1026.2, 38.61, 5
1758862657.208342, 1027.2, 53.4, 5
1758862658.210222, 1028.2, 33.86, 5
1758862659.2110968, 1029.2, 34.76, 5
1758862660.2123187, 1030.2, 25.86, 5
1758862661.2129104, 1031.2, 26.27, 5
1758862662.2149458, 1032.2, 37.87, 5
1758862663.2162306, 1033.2, 18.35, 5
1758862664.218026, 1034.2, 43.53, 4
1758862665.221152, 1035.2, 24.65, 4
1758862666.2193396, 1036.2, 29.98, 4
1758862667.2207603, 1037.3, 13.01, 4
1758862668.2224233, 1038.3, 30.78, 1
1758862669.2232974, 1039.3, 25.28, 1
1758862670.2281857, 1040.3, 20.21, 1
1758862671.2256322, 1041.3, 21.28, 1
1758862672.2268646, 1042.3, 25.93, 1
1758862673.2289705, 1043.3, 47.95, 3
1758862674.228887, 1044.3, 77.97, 3
1758862675.2311003, 1045.3, 77.94, 3
1758862676.2311118, 1046.3, 74.41, 3
1758862677.2330701, 1047.3, 70.04, 3
1758862678.2347803, 1048.3, 25.77, 0
1758862679.2506623, 1049.3, 0.0, 0
1758862680.2713733, 1050.3, 0.0, 0
1758862681.2366235, 1051.3, 0.0, 0
1758862682.2454858, 1052.3, 0.0, 0
1758862683.2390766, 1053.3, 32.33, 2
1758862684.2410126, 1054.3, 51.26, 2
1758862685.241786, 1055.3, 44.56, 2
1758862686.2424755, 1056.3, 58.29, 2
1758862687.2441995, 1057.3, 52.63, 2
1758862688.2456315, 1058.3, 83.1, 4
1758862689.2465403, 1059.3, 101.24, 4
1758862690.2475238, 1060.3, 97.12, 4
1758862691.2489882, 1061.3, 105.81, 4
1758862692.249806, 1062.3, 105.42, 4
1758862693.250732, 1063.3, 132.23, 6
1758862694.2521312, 1064.3, 86.31, 6
1758862695.2537084, 1065.3, 90.97, 6
1758862696.257703, 1066.3, 131.3, 6
1758862697.254465, 1067.3, 75.75, 6
1758862698.2618885, 1068.3, 67.32, 5
1758862699.2577758, 1069.3, 122.08, 5
1758862700.2593353, 1070.3, 102.72, 5
1758862701.2608378, 1071.3, 104.85, 5
1758862702.2687018, 1072.3, 124.7, 4
1758862703.2656262, 1073.3, 83.5, 4
1758862704.2641234, 1074.3, 102.5, 4
1758862705.2688384, 1075.3, 104.01, 4
1758862706.2656014, 1076.3, 100.52, 4
1758862707.2667947, 1077.3, 102.06, 5
1758862708.2674165, 1078.3, 117.28, 5
1758862709.2674906, 1079.3, 112.27, 5
1758862710.2687702, 1080.3, 102.55, 5
1758862711.2737312, 1081.3, 74.33, 5
1758862712.2717357, 1082.3, 66.45, 3
1758862713.2727256, 1083.3, 24.11, 3
1758862714.2737515, 1084.3, 67.98, 3
1758862715.2755795, 1085.3, 75.6, 3
1758862716.2764864, 1086.3, 76.06, 3
1758862717.326131, 1087.3, 68.15, 2
1758862718.279771, 1088.3, 52.3, 2
1758862719.2795925, 1089.3, 55.17, 2
1758862720.280497, 1090.3, 48.39, 2
1758862721.281387, 1091.3, 52.18, 2
1758862722.2825897, 1092.3, 51.87, 3
1758862723.2840557, 1093.3, 73.8, 3
1758862724.2850869, 1094.3, 72.87, 3
1758862725.2867198, 1095.3, 75.78, 3
1758862726.2874932, 1096.3, 70.14, 3
1758862727.2881138, 1097.3, 79.82, 4
1758862728.289639, 1098.3, 102.03, 4
1758862729.2901738, 1099.3, 93.16, 4
1758862730.3038492, 1100.3, 88.95, 4
1758862731.3034174, 1101.3, 99.83, 4
1758862732.296595, 1102.3, 110.02, 5
1758862733.2981482, 1103.3, 120.44, 5
1758862734.29787, 1104.3, 110.92, 5
1758862735.3033235, 1105.3, 78.1, 5
1758862736.2997944, 1106.3, 91.33, 5
1758862737.3014648, 1107.3, 94.97, 4
1758862738.3028815, 1108.3, 110.24, 4
1758862739.303795, 1109.3, 99.07, 4
1758862740.3044577, 1110.3, 103.51, 4
1758862741.309194, 1111.3, 101.2, 4
1758862742.3111696, 1112.3, 82.58, 3
1758862743.3096056, 1113.3, 73.74, 3
1758862744.3098912, 1114.3, 74.75, 3
1758862745.3117468, 1115.3, 76.6, 3
1758862746.3122516, 1116.3, 75.67, 3
1758862747.3136377, 1117.3, 27.54, 4
1758862748.3148413, 1118.3, 0.0, 4
1758862749.3163435, 1119.3, 0.0, 4
1758862750.3172154, 1120.3, 0.0, 1
1758862751.318025, 1121.3, 0.0, 1
1758862752.3202095, 1122.4, 0.0, 1
1758862753.321061, 1123.4, 0.0, 0
1758862754.322104, 1124.4, 0.0, 0
1758862755.3788278, 1125.4, 0.0, 0
1758862756.3243897, 1126.4, 0.0, 0
1758862757.3259742, 1127.4, 32.98, 2
1758862758.3270671, 1128.4, 46.63, 2
1758862759.3285942, 1129.4, 51.09, 2
1758862760.3304982, 1130.4, 49.43, 2
1758862761.3298035, 1131.4, 39.19, 2
1758862762.3314426, 1132.4, 89.0, 4
1758862763.333343, 1133.4, 95.9, 4
1758862764.3335161, 1134.4, 94.73, 4
1758862765.3351638, 1135.4, 101.73, 4
1758862766.336392, 1136.4, 109.71, 4
1758862767.3373, 1137.4, 110.08, 5
1758862768.3382998, 1138.4, 123.44, 5
1758862769.3402238, 1139.4, 116.74, 5
1758862770.3407478, 1140.4, 111.55, 5
1758862771.3414233, 1141.4, 108.38, 5
1758862772.3418398, 1142.4, 97.54, 6
1758862773.3431633, 1143.4, 94.04, 6
1758862774.345086, 1144.4, 121.6, 6
1758862775.345862, 1145.4, 95.68, 6
1758862776.3478692, 1146.4, 127.96, 1
1758862777.3483758, 1147.4, 35.51, 1
1758862778.3486314, 1148.4, 23.96, 1
1758862779.3491454, 1149.4, 25.24, 1
1758862780.3511577, 1150.4, 32.49, 1
1758862781.3527913, 1151.4, 21.86, 2
1758862782.353952, 1152.4, 47.6, 2
1758862783.3550198, 1153.4, 49.64, 2
1758862784.3565457, 1154.4, 47.75, 2
1758862785.3575816, 1155.4, 45.7, 2
1758862786.3591037, 1156.4, 52.97, 3
1758862787.3593564, 1157.4, 77.33, 3
1758862788.3609037, 1158.4, 69.72, 3
1758862789.3627596, 1159.4, 75.12, 3
1758862790.3655934, 1160.4, 79.97, 3
1758862791.3775444, 1161.4, 73.06, 5
1758862792.3763025, 1162.4, 127.92, 5
1758862793.3695476, 1163.4, 106.97, 5
1758862794.3698552, 1164.4, 72.96, 5
1758862795.3702176, 1165.4, 122.15, 5
1758862796.3731244, 1166.4, 126.12, 6
1758862797.3729603, 1167.4, 101.9, 6
1758862798.3738654, 1168.4, 84.73, 6
1758862799.3743398, 1169.4, 6.86, 6
1758862800.375328, 1170.4, 0.0, 6
1758862801.3794065, 1171.4, 0.0, 0
1758862802.4211688, 1172.4, 0.0, 0
1758862803.3809955, 1173.4, 0.0, 0
1758862804.380988, 1174.4, 0.0, 0
1758862805.381685, 1175.4, 0.0, 0
1758862806.3870883, 1176.4, 0.0, 2
1758862807.3849761, 1177.4, 0.0, 2
1758862808.3865755, 1178.4, 0.0, 2
1758862809.3867407, 1179.4, 0.0, 0
1758862810.3879676, 1180.4, 0.0, 0
1758862811.390103, 1181.4, 0.0, 4
1758862812.3905435, 1182.4, 0.0, 4
1758862813.391766, 1183.4, 0.0, 4
1758862814.411359, 1184.4, 0.0, 0
1758862815.393449, 1185.4, 0.0, 0
1758862816.395072, 1186.4, 36.21, 5
1758862817.3956702, 1187.4, 120.89, 5
1758862818.39704, 1188.4, 77.71, 5
1758862819.3977888, 1189.4, 89.91, 5
1758862820.3996556, 1190.4, 116.44, 5
1758862821.40139, 1191.4, 128.26, 8
1758862822.4023602, 1192.4, 82.9, 8
1758862823.4042609, 1193.4, 147.76, 8
1758862824.4085732, 1194.4, 59.77, 8
1758862825.4053059, 1195.4, 80.45, 8
1758862826.407511, 1196.4, 72.97, 5
1758862827.4084005, 1197.4, 117.97, 5
1758862828.4087996, 1198.4, 84.61, 5
1758862829.4094992, 1199.4, 113.58, 5
1758862830.4106002, 1200.4, 118.7, 5
1758862831.4119744, 1201.4, 106.48, 6
1758862832.4126968, 1202.4, 115.11, 6
1758862833.4136522, 1203.4, 41.49, 6
1758862834.4147768, 1204.4, 123.66, 6
1758862835.4157512, 1205.4, 101.4, 6
1758862836.417347, 1206.4, 70.59, 5
1758862837.4178147, 1207.4, 126.6, 5
1758862838.419183, 1208.4, 90.18, 5
1758862839.4202764, 1209.5, 98.7, 5
1758862840.4212618, 1210.5, 107.51, 5
1758862841.4224994, 1211.5, 117.4, 6
1758862842.4235175, 1212.5, 114.21, 6
1758862843.4242914, 1213.5, 93.99, 6
1758862844.4253716, 1214.5, 78.1, 6
1758862845.4262052, 1215.5, 44.34, 6
1758862846.4275074, 1216.5, 44.23, 1
1758862847.4281366, 1217.5, 21.43, 1
1758862848.429981, 1218.5, 28.15, 1
1758862849.4310029, 1219.5, 31.78, 1
1758862850.4338634, 1220.5, 21.48, 1
1758862851.4344664, 1221.5, 23.03, 1
1758862852.4360182, 1222.5, 24.62, 1
1758862853.4366896, 1223.5, 22.78, 1
1758862854.4388974, 1224.5, 27.33, 1
1758862855.4410741, 1225.5, 22.71, 1
1758862856.4438646, 1226.5, 25.45, 1
1758862857.4431677, 1227.5, 6.54, 1
1758862858.443249, 1228.5, 0.0, 1
1758862859.4437816, 1229.5, 0.0, 1
1758862860.4445198, 1230.5, 0.0, 0
1758862861.447042, 1231.5, 0.0, 1
1758862862.447058, 1232.5, 0.0, 1
1758862863.4488366, 1233.5, 0.0, 1
1758862864.4496243, 1234.5, 0.0, 0
1758862865.4944465, 1235.5, 0.0, 2
1758862866.452082, 1236.5, 0.0, 2
1758862867.4532723, 1237.5, 0.0, 2
1758862868.4549189, 1238.5, 0.0, 2
1758862869.4558833, 1239.5, 0.0, 0
1758862870.4705267, 1240.5, 0.0, 4
1758862871.458122, 1241.5, 0.0, 4
1758862872.4582841, 1242.5, 0.0, 4
1758862873.4610562, 1243.5, 0.0, 0
1758862874.4606078, 1244.5, 0.0, 0
1758862875.4626155, 1245.5, 0.0, 8
1758862876.4633813, 1246.5, 55.08, 8
1758862877.4656036, 1247.5, 134.95, 8
1758862878.465631, 1248.5, 34.4, 8
1758862879.4663126, 1249.5, 96.34, 8
1758862880.4685054, 1250.5, 102.17, 8
1758862881.468911, 1251.5, 89.9, 8
1758862882.4698281, 1252.5, 81.83, 8
1758862883.4709563, 1253.5, 71.89, 8
1758862884.47251, 1254.5, 64.66, 8
1758862885.4741488, 1255.5, 71.32, 8
1758862886.4745924, 1256.5, 141.55, 8
1758862887.4749818, 1257.5, 54.3, 8
1758862888.476575, 1258.5, 132.53, 8
1758862889.477271, 1259.5, 87.56, 8
1758862890.4781141, 1260.5, 100.05, 8
1758862891.4831758, 1261.5, 54.56, 8
1758862892.4840195, 1262.5, 33.62, 8
1758862893.4813495, 1263.5, 67.99, 4
1758862894.4833221, 1264.5, 56.4, 4
1758862895.4843595, 1265.5, 69.76, 6
1758862896.485084, 1266.5, 20.89, 6
1758862897.4859025, 1267.5, 51.87, 6
1758862898.487343, 1268.5, 55.1, 6
1758862899.488032, 1269.5, 28.08, 6
1758862900.4887085, 1270.5, 26.96, 2
1758862901.4895966, 1271.5, 21.21, 1
1758862902.4907324, 1272.5, 18.43, 1
1758862903.4919138, 1273.5, 25.8, 1
1758862904.4929368, 1274.5, 4.13, 1
1758862905.495239, 1275.5, 60.48, 5
1758862906.496008, 1276.5, 41.15, 5
1758862907.4965067, 1277.5, 32.43, 5
1758862908.4987392, 1278.5, 3.28, 5
1758862909.4993114, 1279.5, 33.85, 3
1758862910.499978, 1280.5, 75.31, 4
1758862911.501323, 1281.5, 70.47, 4
1758862912.5023906, 1282.5, 18.37, 4
1758862913.5033672, 1283.5, 28.24, 4
1758862914.5046437, 1284.5, 51.0, 4
1758862915.5051804, 1285.5, 54.91, 3
1758862916.5073092, 1286.5, 17.43, 3
1758862917.5075781, 1287.5, 55.71, 3
1758862918.5088756, 1288.5, 38.26, 3
1758862919.5101652, 1289.5, 38.8, 3
1758862920.51168, 1290.5, 24.73, 2
1758862921.5128176, 1291.5, 38.6, 2
1758862922.514197, 1292.5, 19.68, 2
1758862923.5155225, 1293.5, 28.84, 2
1758862924.5168056, 1294.5, 46.17, 2
1758862925.517891, 1295.5, 31.61, 1
1758862926.5200248, 1296.5, 22.86, 1
1758862927.521189, 1297.6, 20.19, 1
1758862928.5218747, 1298.6, 25.81, 1
1758862929.5236425, 1299.6, 27.72, 1
1758862930.5243177, 1300.6, 58.21, 3
1758862931.5252523, 1301.6, 71.94, 3
1758862932.5265455, 1302.6, 82.4, 3
1758862933.527813, 1303.6, 73.7, 3
1758862934.5289798, 1304.6, 75.53, 3
1758862935.530132, 1305.6, 7.18, 7
1758862936.531084, 1306.6, 93.17, 7
1758862937.5324445, 1307.6, 79.18, 7
1758862938.5334172, 1308.6, 80.19, 7
1758862939.5342832, 1309.6, 52.31, 7
1758862940.5361867, 1310.6, 82.75, 7
1758862941.5365727, 1311.6, 55.46, 7
1758862942.5400572, 1312.6, 30.55, 7
1758862943.5388126, 1313.6, 33.64, 6
1758862944.5498226, 1314.6, 62.16, 6
1758862945.5420148, 1315.6, 61.6, 6
1758862946.5434651, 1316.6, 35.32, 6
1758862947.5439339, 1317.6, 56.08, 6
1758862948.5452974, 1318.6, 8.08, 4
1758862949.5456316, 1319.6, 38.08, 3
1758862950.5475466, 1320.6, 43.63, 3
1758862951.547801, 1321.6, 63.57, 3
1758862952.5490983, 1322.6, 52.99, 3
1758862953.5504158, 1323.6, 22.17, 3
1758862954.5520105, 1324.6, 29.75, 5
1758862955.5525446, 1325.6, 35.47, 4
1758862956.5536427, 1326.6, 38.08, 4
1758862957.5547888, 1327.6, 28.5, 4
1758862958.556123, 1328.6, 18.54, 4
1758862959.5570693, 1329.6, 13.73, 0
1758862960.5585074, 1330.6, 0.62, 0
1758862961.5602477, 1331.6, 0.0, 0
1758862962.5619502, 1332.6, 0.0, 0
1758862963.6442602, 1333.6, 0.0, 0
1758862964.5650144, 1334.6, 21.09, 4
1758862965.56536, 1335.6, 96.86, 4
1758862966.5663733, 1336.6, 83.31, 4
1758862967.567911, 1337.6, 26.65, 4
1758862968.5692253, 1338.6, 97.29, 4
1758862969.5703716, 1339.6, 97.91, 8
1758862970.5719695, 1340.6, 64.3, 8
1758862971.5769324, 1341.6, 145.0, 8
1758862972.5726562, 1342.6, 81.75, 8
1758862973.57342, 1343.6, 34.5, 8
1758862974.5774424, 1344.6, 85.47, 7
1758862975.5766804, 1345.6, 58.18, 7
1758862976.5768414, 1346.6, 46.27, 7
1758862977.577544, 1347.6, 70.67, 5
1758862978.5781324, 1348.6, 24.15, 5
1758862979.5796738, 1349.6, 40.3, 5
1758862980.5810652, 1350.6, 18.74, 4
1758862981.5819063, 1351.6, 29.51, 4
1758862982.5836084, 1352.6, 32.99, 4
1758862983.5843341, 1353.6, 24.0, 3
1758862984.58597, 1354.6, 31.3, 6
1758862985.586932, 1355.6, 73.93, 6
1758862986.5876315, 1356.6, 32.52, 6
1758862987.5887518, 1357.6, 37.03, 6
1758862988.5898569, 1358.6, 58.58, 6
1758862989.5908034, 1359.6, 31.23, 7
1758862990.5921392, 1360.6, 62.64, 7
1758862991.5935342, 1361.6, 28.64, 5
1758862992.5939472, 1362.6, 20.17, 5
1758862993.5953748, 1363.6, 60.17, 4
1758862994.5970416, 1364.6, 51.22, 7
1758862995.598215, 1365.6, 33.37, 7
1758862996.599239, 1366.6, 53.23, 7
1758862997.5995338, 1367.6, 56.52, 7
1758862998.6014996, 1368.6, 23.4, 6
1758862999.602655, 1369.6, 96.15, 7
1758863000.6036932, 1370.6, 40.79, 7
1758863001.6043, 1371.6, 41.09, 7
1758863002.6056142, 1372.6, 37.46, 7
1758863003.607362, 1373.6, 43.92, 7
1758863004.6076722, 1374.6, 41.71, 7
1758863005.6090086, 1375.6, 37.17, 5
1758863006.6101642, 1376.6, 51.59, 5
1758863007.6115556, 1377.6, 22.75, 5
1758863008.612996, 1378.6, 22.93, 5
1758863009.6140726, 1379.6, 52.66, 6
1758863010.6151075, 1380.6, 33.52, 5
1758863011.616025, 1381.6, 30.05, 5
1758863012.6174948, 1382.6, 16.43, 4
1758863013.6184466, 1383.6, 25.77, 4
1758863014.6197774, 1384.6, 43.78, 2
1758863015.6208212, 1385.7, 37.82, 2
1758863016.6211567, 1386.7, 17.54, 2
1758863017.6226506, 1387.7, 18.17, 2
1758863018.6275811, 1388.7, 49.77, 2
1758863019.6251469, 1389.7, 52.27, 2
1758863020.6260195, 1390.7, 49.43, 2
1758863021.6269548, 1391.7, 48.28, 2
1758863022.628831, 1392.7, 42.25, 2
1758863023.6290743, 1393.7, 46.0, 0
1758863024.630135, 1394.7, 0.0, 0
1758863025.6507173, 1395.7, 0.0, 0
1758863026.6316564, 1396.7, 0.0, 0
1758863027.633, 1397.7, 0.0, 0
1758863028.6347005, 1398.7, 7.44, 2
1758863029.6366315, 1399.7, 46.44, 2
1758863030.637889, 1400.7, 54.67, 2
1758863031.639586, 1401.7, 44.55, 2
1758863032.6401603, 1402.7, 50.7, 2
1758863033.6401117, 1403.7, 61.12, 4
1758863034.642205, 1404.7, 101.88, 4
1758863035.6424086, 1405.7, 93.23, 4
1758863036.6443546, 1406.7, 104.15, 4
1758863037.64432, 1407.7, 95.24, 4
1758863038.6462038, 1408.7, 111.93, 6
1758863039.6471214, 1409.7, 121.88, 6
1758863040.6472368, 1410.7, 26.01, 6
1758863041.6487544, 1411.7, 133.89, 6
1758863042.6493146, 1412.7, 68.05, 6
1758863043.6510901, 1413.7, 123.47, 5
1758863044.6525054, 1414.7, 116.36, 5
1758863045.652972, 1415.7, 71.62, 5
1758863046.6546655, 1416.7, 108.22, 5
1758863047.655188, 1417.7, 79.92, 5
1758863048.6563463, 1418.7, 113.23, 6
1758863049.656476, 1419.7, 35.75, 6
1758863050.6577733, 1420.7, 137.86, 6
1758863051.6585534, 1421.7, 52.34, 6
1758863052.6597195, 1422.7, 139.46, 6
1758863053.6608822, 1423.7, 93.89, 7
1758863054.6620731, 1424.7, 61.23, 7
1758863055.662073, 1425.7, 90.52, 7
1758863056.6632216, 1426.7, 90.76, 6
1758863057.6643996, 1427.7, 107.17, 6
1758863058.6649683, 1428.7, 69.7, 7
1758863059.6659646, 1429.7, 46.97, 7
1758863060.6674013, 1430.7, 45.21, 7
1758863061.667966, 1431.7, 38.09, 6
1758863062.6691406, 1432.7, 56.81, 6
1758863063.6707048, 1433.7, 55.78, 4
1758863064.6717803, 1434.7, 19.25, 4
1758863065.6732426, 1435.7, 36.29, 4
1758863066.6745963, 1436.7, 75.76, 3
1758863067.6752892, 1437.7, 57.68, 3
1758863068.6763172, 1438.7, 70.37, 3
1758863069.6773427, 1439.7, 63.07, 3
1758863070.6783056, 1440.7, 79.39, 3
1758863071.6800997, 1441.7, 78.48, 3
1758863072.681392, 1442.7, 82.34, 3
1758863073.683201, 1443.7, 56.74, 2
1758863074.6841292, 1444.7, 52.06, 2
1758863075.684706, 1445.7, 50.06, 2
1758863076.6857216, 1446.7, 53.71, 2
1758863077.687317, 1447.7, 55.74, 2
1758863078.6886923, 1448.7, 88.87, 4
1758863079.6887603, 1449.7, 84.9, 4
1758863080.6933913, 1450.7, 74.78, 4
1758863081.6912754, 1451.7, 106.07, 4
1758863082.6948545, 1452.7, 76.18, 4
1758863083.6924114, 1453.7, 86.91, 6
1758863084.6961844, 1454.7, 39.83, 6
1758863085.6943176, 1455.7, 52.74, 6
1758863086.6954434, 1456.7, 32.88, 5
1758863087.6963913, 1457.7, 49.77, 4
1758863088.6980388, 1458.7, 37.13, 3
1758863089.6987321, 1459.7, 33.57, 3
1758863090.699864, 1460.7, 32.71, 3
1758863091.7015512, 1461.7, 24.66, 3
1758863092.7030463, 1462.7, 40.1, 3
1758863093.7034817, 1463.7, 43.88, 4
1758863094.7112818, 1464.7, 46.56, 4
1758863095.7070065, 1465.7, 27.85, 4
1758863096.7080345, 1466.7, 56.31, 4
1758863097.7088563, 1467.7, 46.91, 5
1758863098.7103217, 1468.7, 22.88, 5
1758863099.7113724, 1469.7, 37.49, 5
1758863100.712391, 1470.7, 29.66, 4
1758863101.713614, 1471.7, 42.73, 4
1758863102.7153816, 1472.7, 39.16, 4
1758863103.716588, 1473.7, 2.07, 4
1758863104.7170103, 1474.7, 60.97, 4
1758863105.7184396, 1475.7, 78.17, 4
1758863106.7231886, 1476.7, 95.1, 4
1758863107.7208164, 1477.8, 81.96, 1
1758863108.7257714, 1478.8, 23.2, 1
1758863109.72358, 1479.8, 23.06, 1
1758863110.724483, 1480.8, 24.82, 1
1758863111.7255511, 1481.8, 21.72, 1
1758863112.7272928, 1482.8, 32.96, 2
1758863113.7283576, 1483.8, 52.71, 2
1758863114.7294824, 1484.8, 44.48, 2
1758863115.7306247, 1485.8, 51.01, 2
1758863116.7320538, 1486.8, 44.45, 2
1758863117.7337751, 1487.8, 60.07, 4
1758863118.734875, 1488.8, 94.06, 4
1758863119.73607, 1489.8, 110.86, 4
1758863120.7407577, 1490.8, 91.2, 4
1758863121.7378309, 1491.8, 93.43, 4
1758863122.739006, 1492.8, 103.69, 6
1758863123.7400196, 1493.8, 95.6, 6
1758863124.7456703, 1494.8, 42.75, 6
1758863125.7426014, 1495.8, 39.02, 6
1758863126.7435021, 1496.8, 60.6, 6
1758863127.7450256, 1497.8, 61.74, 3
1758863128.747359, 1498.8, 36.74, 3
1758863129.7471921, 1499.8, 72.96, 3
1758863130.7479348, 1500.8, 79.53, 3
1758863131.7534602, 1501.8, 76.37, 3
1758863132.7511444, 1502.8, 46.15, 0
1758863133.757462, 1503.8, 0.0, 0
1758863134.7736382, 1504.8, 0.0, 0
1758863135.7539728, 1505.8, 0.0, 0
1758863136.7684267, 1506.8, 0.0, 0
1758863137.756126, 1507.8, 21.13, 2
1758863138.7603261, 1508.8, 48.63, 2
1758863139.758293, 1509.8, 54.6, 2
1758863140.7597265, 1510.8, 54.51, 2
1758863141.7600837, 1511.8, 42.24, 2
1758863142.7602499, 1512.8, 69.34, 4
1758863143.7618234, 1513.8, 98.33, 4
1758863144.7633843, 1514.8, 96.61, 4
1758863145.7652972, 1515.8, 87.5, 4
1758863146.7653465, 1516.8, 93.24, 4
1758863147.7663229, 1517.8, 123.6, 6
1758863148.7669253, 1518.8, 77.54, 6
1758863149.7683816, 1519.8, 97.71, 6
1758863150.769202, 1520.8, 52.22, 6
1758863151.7705688, 1521.8, 69.32, 6
1758863152.771686, 1522.8, 62.76, 5
1758863153.7720418, 1523.8, 87.09, 5
1758863154.7736912, 1524.8, 62.94, 5
1758863155.7752059, 1525.8, 74.4, 5
1758863156.7763808, 1526.8, 67.93, 5
1758863157.7766144, 1527.8, 94.53, 4
1758863158.7833073, 1528.8, 105.38, 4
1758863159.77901, 1529.8, 94.05, 4
1758863160.780526, 1530.8, 105.1, 4
1758863161.780853, 1531.8, 96.58, 4
1758863162.782234, 1532.8, 61.5, 2
1758863163.7834852, 1533.8, 43.73, 2
1758863164.7843175, 1534.8, 24.82, 2
1758863165.7853227, 1535.8, 0.0, 2
1758863166.786356, 1536.8, 0.0, 2
1758863167.788228, 1537.8, 0.0, 1
1758863168.788169, 1538.8, 0.0, 1
1758863169.7900803, 1539.8, 0.0, 1
1758863170.827623, 1540.8, 0.0, 0
1758863171.7998497, 1541.8, 0.0, 6
1758863172.7933106, 1542.8, 0.0, 6
1758863173.7941046, 1543.8, 0.0, 6
1758863174.795351, 1544.8, 0.0, 2
1758863175.7971492, 1545.8, 0.0, 0
1758863176.7978222, 1546.8, 0.0, 8
1758863177.800052, 1547.8, 172.7, 8
1758863178.8005178, 1548.8, 66.15, 8
1758863179.8024402, 1549.8, 112.53, 8
1758863180.802151, 1550.8, 71.8, 8
1758863181.8029335, 1551.8, 97.8, 8
1758863182.804487, 1552.8, 58.43, 8
1758863183.8054714, 1553.8, 103.23, 8
1758863184.8062935, 1554.8, 47.15, 8
1758863185.808647, 1555.8, 124.01, 7
1758863186.8084638, 1556.8, 99.68, 7
1758863187.8099947, 1557.8, 79.74, 7
1758863188.8109636, 1558.8, 61.5, 7
1758863189.8121772, 1559.8, 55.85, 7
1758863190.813112, 1560.8, 29.8, 6
1758863191.8143559, 1561.8, 57.38, 6
1758863192.815426, 1562.8, 19.32, 4
1758863193.816673, 1563.8, 53.12, 4
1758863194.8176615, 1564.8, 6.98, 4
1758863195.8185968, 1565.8, 41.04, 4
1758863196.8197813, 1566.9, 25.76, 5
1758863197.8214078, 1567.9, 38.9, 5
1758863198.8224785, 1568.9, 30.82, 4
1758863199.823333, 1569.9, 35.24, 4
1758863200.827911, 1570.9, 35.97, 4
1758863201.825746, 1571.9, 21.87, 5
1758863202.82665, 1572.9, 30.78, 5
1758863203.8285866, 1573.9, 29.97, 5
1758863204.8294587, 1574.9, 36.06, 5
1758863205.830042, 1575.9, 38.46, 4
1758863206.8311992, 1576.9, 5.73, 4
1758863207.8329418, 1577.9, 54.57, 4
1758863208.8342743, 1578.9, 14.6, 4
1758863209.8353832, 1579.9, 24.75, 4
1758863210.8363717, 1580.9, 11.78, 4
1758863211.8373325, 1581.9, 24.34, 1
1758863212.8379502, 1582.9, 9.43, 1
1758863213.8389273, 1583.9, 20.65, 1
1758863214.8409686, 1584.9, 24.29, 1
1758863215.8429494, 1585.9, 25.77, 1
1758863216.8422596, 1586.9, 20.79, 1
1758863217.8440144, 1587.9, 28.58, 1
1758863218.8455157, 1588.9, 26.87, 1
1758863219.8466272, 1589.9, 26.57, 1
1758863220.8476303, 1590.9, 27.1, 1
1758863221.8484223, 1591.9, 14.16, 0
1758863222.8839767, 1592.9, 0.0, 0
1758863223.8508878, 1593.9, 0.0, 0
1758863224.885614, 1594.9, 0.0, 0
1758863225.8533406, 1595.9, 0.0, 0
1758863226.8547218, 1596.9, 33.53, 2
1758863227.8559291, 1597.9, 56.69, 2
1758863228.8576937, 1598.9, 56.56, 2
1758863229.8591974, 1599.9, 44.03, 2
1758863230.8603175, 1600.9, 51.04, 2
1758863231.8610454, 1601.9, 93.86, 4
1758863232.8625078, 1602.9, 99.36, 4
1758863233.8637004, 1603.9, 91.74, 4
1758863234.8655982, 1604.9, 102.6, 4
1758863235.8656042, 1605.9, 103.1, 4
1758863236.867034, 1606.9, 129.85, 6
1758863237.868018, 1607.9, 60.26, 6
1758863238.869275, 1608.9, 128.05, 6
1758863239.8711307, 1609.9, 92.57, 6
1758863240.8722773, 1610.9, 99.79, 6
1758863241.8728056, 1611.9, 84.53, 5
1758863242.8750865, 1612.9, 117.82, 5
1758863243.8762863, 1613.9, 117.79, 5
1758863244.8771114, 1614.9, 105.18, 5
1758863245.8862302, 1615.9, 91.06, 4
1758863246.8836248, 1616.9, 92.5, 4
1758863247.8804355, 1617.9, 101.61, 4
1758863248.8806722, 1618.9, 94.95, 4
1758863249.882044, 1619.9, 97.04, 4
1758863250.8828182, 1620.9, 100.81, 5
1758863251.884666, 1621.9, 127.67, 5
1758863252.884875, 1622.9, 118.16, 5
1758863253.8869836, 1623.9, 114.19, 5
1758863254.8870304, 1624.9, 84.24, 5
1758863255.8882606, 1625.9, 80.59, 6
1758863256.8892884, 1626.9, 121.5, 6
1758863257.889863, 1627.9, 117.56, 6
1758863258.8914204, 1628.9, 106.42, 6
1758863259.8926625, 1629.9, 90.66, 6
1758863260.8937576, 1630.9, 122.48, 5
1758863261.8944325, 1631.9, 83.9, 5
1758863262.896357, 1632.9, 59.64, 5
1758863263.8965483, 1633.9, 96.43, 5
1758863264.8983338, 1634.9, 122.26, 5
1758863265.8992746, 1635.9, 92.41, 4
1758863266.9005542, 1636.9, 100.5, 4
1758863267.900981, 1637.9, 92.77, 4
1758863268.9027464, 1638.9, 94.94, 4
1758863269.9041011, 1639.9, 94.44, 4
1758863270.9044008, 1640.9, 111.93, 5
1758863271.9057176, 1641.9, 97.13, 5
1758863272.9061387, 1642.9, 0.0, 5
1758863273.9073603, 1643.9, 0.0, 5
1758863274.908377, 1644.9, 0.0, 3
1758863275.9097247, 1645.9, 0.0, 0
1758863276.9108262, 1646.9, 0.0, 0
1758863277.9117582, 1647.9, 0.0, 0
1758863278.9125197, 1648.9, 0.0, 0
1758863279.9132032, 1649.9, 0.0, 0
1758863280.914943, 1650.9, 0.0, 2
1758863281.9167686, 1651.9, 0.0, 2
1758863282.9176342, 1652.9, 0.0, 2
1758863283.9634385, 1653.9, 0.0, 0
1758863284.941421, 1655.0, 0.0, 0
1758863285.9203148, 1656.0, 0.0, 4
1758863286.9209955, 1657.0, 0.0, 4
1758863287.9223025, 1658.0, 0.0, 4
1758863288.9650946, 1659.0, 0.0, 0
1758863289.9380262, 1660.0, 0.0, 0
1758863290.926282, 1661.0, 0.0, 8
1758863291.9304824, 1662.0, 0.0, 8
1758863292.9278157, 1663.0, 0.0, 8
1758863293.9279578, 1664.0, 0.0, 0
1758863294.9293694, 1665.0, 0.0, 0
1758863295.9316015, 1666.0, 61.53, 8
1758863296.9321184, 1667.0, 72.83, 5
1758863297.9326508, 1668.0, 64.35, 5
1758863298.934143, 1669.0, 121.92, 5
1758863299.9345572, 1670.0, 119.99, 5
1758863300.936651, 1671.0, 132.69, 6
1758863301.9372432, 1672.0, 94.58, 6
1758863302.9417398, 1673.0, 54.84, 6
1758863303.9392304, 1674.0, 100.98, 6
1758863304.9446056, 1675.0, 31.22, 6
1758863305.9413471, 1676.0, 39.6, 6
1758863306.9425764, 1677.0, 45.37, 6
1758863307.94303, 1678.0, 16.42, 5
1758863308.9440136, 1679.0, 34.97, 5
1758863309.9447463, 1680.0, 22.49, 5
1758863310.9464586, 1681.0, 53.5, 2
1758863311.947278, 1682.0, 44.76, 2
1758863312.948522, 1683.0, 47.82, 2
1758863313.9496565, 1684.0, 52.19, 2
1758863314.9511096, 1685.0, 47.29, 2
1758863315.9520462, 1686.0, 69.74, 3
1758863316.9525585, 1687.0, 83.38, 3
1758863317.9534483, 1688.0, 70.23, 3
1758863318.9549887, 1689.0, 72.81, 3
1758863319.9561598, 1690.0, 84.98, 1
1758863320.9563203, 1691.0, 26.56, 1
1758863321.9593987, 1692.0, 25.92, 1
1758863322.9589498, 1693.0, 22.79, 1
1758863323.96073, 1694.0, 29.15, 1
1758863324.9605453, 1695.0, 28.55, 3
1758863325.9618635, 1696.0, 81.59, 3
1758863326.9630342, 1697.0, 73.56, 3
1758863327.9637823, 1698.0, 71.59, 3
1758863328.9655879, 1699.0, 64.42, 3
1758863329.9673195, 1700.0, 81.52, 8
1758863330.9678488, 1701.0, 110.24, 8
1758863331.9685502, 1702.0, 115.4, 8
1758863332.9701946, 1703.0, 92.63, 8
1758863333.9713783, 1704.0, 36.76, 8
1758863334.9712846, 1705.0, 40.75, 6
1758863335.9766917, 1706.0, 118.75, 6
1758863336.9734793, 1707.0, 34.08, 6
1758863337.9734988, 1708.0, 138.1, 6
1758863338.9765663, 1709.0, 48.31, 6
1758863339.975781, 1710.0, 115.94, 8
1758863340.980659, 1711.0, 120.25, 8
1758863341.9774196, 1712.0, 46.96, 8
1758863342.9782817, 1713.0, 48.52, 8
1758863343.979351, 1714.0, 0.0, 8
1758863344.9808335, 1715.0, 0.0, 6
1758863345.9816508, 1716.0, 0.0, 2
1758863346.9826155, 1717.0, 0.0, 2
1758863347.9841785, 1718.0, 0.0, 2
1758863348.9845042, 1719.0, 0.0, 0
1758863349.9860327, 1720.0, 0.0, 8
1758863350.9879303, 1721.0, 0.0, 8
1758863351.9920058, 1722.0, 0.0, 8
1758863352.9880893, 1723.0, 0.0, 0
1758863353.9892523, 1724.0, 0.0, 0
1758863354.9913995, 1725.0, 0.0, 8
1758863355.9923372, 1726.0, 70.55, 8
1758863356.9933825, 1727.0, 110.55, 8
1758863357.9936547, 1728.0, 71.63, 8
1758863358.9955747, 1729.0, 70.96, 7
1758863359.996254, 1730.0, 19.8, 4
1758863360.9962597, 1731.0, 47.89, 4
1758863361.9973934, 1732.0, 5.87, 3
1758863363.0005174, 1733.0, 49.63, 3
1758863363.9999592, 1734.0, 10.13, 3
1758863365.000724, 1735.0, 34.24, 3
1758863366.0025434, 1736.0, 34.84, 3
1758863367.0034974, 1737.0, 52.83, 3
1758863368.0045989, 1738.0, 73.78, 3
1758863369.0060112, 1739.0, 22.28, 3
1758863370.0067086, 1740.0, 35.72, 6
1758863371.0084956, 1741.0, 53.16, 6
1758863372.009268, 1742.0, 6.52, 4
1758863373.0102189, 1743.0, 43.46, 4
1758863374.0117161, 1744.0, 34.29, 4
1758863375.013182, 1745.0, 35.65, 4
1758863376.0181947, 1746.0, 17.13, 4
1758863377.0155327, 1747.0, 9.17, 4
1758863378.016616, 1748.0, 72.26, 4
1758863379.0174494, 1749.0, 48.0, 4
1758863380.018211, 1750.0, 13.36, 1
1758863381.023437, 1751.0, 21.11, 1
1758863382.020669, 1752.1, 22.82, 1
1758863383.0220616, 1753.1, 27.88, 1
1758863384.0240552, 1754.1, 23.14, 1
1758863385.0242674, 1755.1, 69.92, 3
1758863386.025524, 1756.1, 67.61, 3
1758863387.026675, 1757.1, 75.18, 3
1758863388.0272505, 1758.1, 68.29, 3
1758863389.029197, 1759.1, 66.8, 3
1758863390.0307474, 1760.1, 137.13, 7
1758863391.0312326, 1761.1, 63.78, 7
1758863392.03217, 1762.1, 35.41, 7
1758863393.0328424, 1763.1, 44.16, 7
1758863394.0344021, 1764.1, 70.54, 7
1758863395.035494, 1765.1, 24.39, 6
1758863396.037148, 1766.1, 31.71, 6
1758863397.0379462, 1767.1, 68.19, 6
1758863398.0387242, 1768.1, 44.54, 5
1758863399.0409493, 1769.1, 93.09, 2
1758863400.0409396, 1770.1, 42.48, 2
1758863401.0522556, 1771.1, 44.11, 2
1758863402.0423806, 1772.1, 48.6, 2
1758863403.0440638, 1773.1, 48.72, 2
1758863404.045209, 1774.1, 61.47, 4
1758863405.0464032, 1775.1, 99.68, 4
1758863406.0470634, 1776.1, 80.0, 4
1758863407.0486736, 1777.1, 93.25, 4
1758863408.049977, 1778.1, 90.77, 4
1758863409.0510092, 1779.1, 92.24, 4
1758863410.0518048, 1780.1, 104.8, 4
1758863411.053012, 1781.1, 96.16, 4
1758863412.0536442, 1782.1, 97.05, 4
1758863413.055115, 1783.1, 91.74, 4
1758863414.0563238, 1784.1, 41.56, 1
1758863415.0592532, 1785.1, 21.94, 1
1758863416.0599916, 1786.1, 23.57, 1
1758863417.06129, 1787.1, 23.95, 1
1758863418.0623243, 1788.1, 27.43, 1
1758863419.0635266, 1789.1, 32.9, 2
1758863420.0647712, 1790.1, 50.49, 2
1758863421.0659387, 1791.1, 52.07, 2
1758863422.066644, 1792.1, 50.27, 2
1758863423.0680602, 1793.1, 51.68, 2
1758863424.070788, 1794.1, 90.84, 5
1758863425.070752, 1795.1, 84.68, 5
1758863426.0713975, 1796.1, 50.68, 5
1758863427.0726392, 1797.1, 103.48, 5
1758863428.0735326, 1798.1, 84.73, 5
1758863429.07384, 1799.1, 16.62, 0
1758863430.0754707, 1800.1, 0.0, 0
1758863431.07892, 1801.1, 0.0, 0
1758863432.136926, 1802.1, 0.0, 0
1758863433.0801456, 1803.1, 0.0, 0
1758863434.0798807, 1804.1, 22.1, 2
1758863435.0812316, 1805.1, 48.04, 2
1758863436.0826774, 1806.1, 49.83, 2
1758863437.0836232, 1807.1, 45.38, 2
1758863438.0846066, 1808.1, 54.6, 2
1758863439.0872428, 1809.1, 81.13, 4
1758863440.0873837, 1810.1, 101.18, 4
1758863441.0887945, 1811.1, 89.15, 4
1758863442.0898812, 1812.1, 97.71, 4
1758863443.0911708, 1813.1, 108.4, 4
1758863444.0921292, 1814.1, 121.67, 6
1758863445.0939038, 1815.1, 114.73, 6
1758863446.0944917, 1816.1, 96.12, 6
1758863447.0959578, 1817.1, 103.47, 6
1758863448.0965989, 1818.1, 91.09, 5
1758863449.1013868, 1819.1, 102.38, 4
1758863450.0991921, 1820.1, 99.93, 4
1758863451.1001499, 1821.1, 83.59, 4
1758863452.101166, 1822.1, 91.7, 4
1758863453.1030266, 1823.1, 101.66, 4
1758863454.103151, 1824.1, 81.49, 3
1758863455.1048374, 1825.1, 68.04, 3
1758863456.106861, 1826.1, 79.18, 3
1758863457.1081553, 1827.1, 78.31, 3
1758863458.110256, 1828.1, 69.97, 3
1758863459.1103706, 1829.1, 95.28, 4
1758863460.12769, 1830.1, 90.27, 4
1758863461.1623569, 1831.1, 98.22, 4
1758863462.162324, 1832.1, 78.97, 4
1758863463.1628292, 1833.1, 0.0, 5
1758863464.1645725, 1834.1, 0.0, 5
1758863465.1625013, 1835.1, 0.0, 2
1758863466.1627595, 1836.1, 0.0, 1
1758863467.1635258, 1837.1, 0.0, 1
1758863468.1667976, 1838.1, 0.0, 1
1758863469.1204996, 1839.2, 0.0, 1
1758863470.1214561, 1840.2, 0.0, 1
1758863471.123299, 1841.2, 0.0, 0
1758863472.1240032, 1842.2, 0.0, 0
1758863473.132276, 1843.2, 0.0, 2
1758863474.1259909, 1844.2, 0.0, 2
1758863475.1360493, 1845.2, 0.0, 2
1758863476.128541, 1846.2, 0.0, 0
1758863477.1292317, 1847.2, 0.0, 0
1758863478.1364174, 1848.2, 12.66, 4
1758863479.1340423, 1849.2, 104.29, 4
1758863480.133417, 1850.2, 52.23, 4
1758863481.1350338, 1851.2, 22.69, 4
1758863482.1362674, 1852.2, 54.87, 4
1758863483.1378424, 1853.2, 21.95, 7
1758863484.1377895, 1854.2, 63.39, 7
1758863485.1399066, 1855.2, 96.24, 7
1758863486.1400104, 1856.2, 47.7, 7
1758863487.1410317, 1857.2, 24.94, 7
1758863488.1422534, 1858.2, 69.68, 5
1758863489.1431265, 1859.2, 49.11, 5
1758863490.1443777, 1860.2, 25.15, 5
1758863491.1464887, 1861.2, 54.56, 5
1758863492.1477334, 1862.2, 58.79, 5
1758863493.1498926, 1863.2, 22.46, 7
1758863494.1500545, 1864.2, 57.22, 7
1758863495.150763, 1865.2, 19.7, 4
1758863496.1518536, 1866.2, 56.5, 4
1758863497.1529796, 1867.2, 20.47, 4
1758863498.15276, 1868.2, 46.17, 4
1758863499.1543884, 1869.2, 13.78, 3
1758863500.155895, 1870.2, 55.63, 3
1758863501.1562274, 1871.2, 70.29, 3
1758863502.1577582, 1872.2, 59.11, 3
1758863503.1588135, 1873.2, 55.41, 3
1758863504.1601079, 1874.2, 38.02, 3
1758863505.1636171, 1875.2, 71.22, 3
1758863506.1611135, 1876.2, 75.87, 3
1758863507.1624398, 1877.2, 81.28, 3
1758863508.165459, 1878.2, 44.31, 1
1758863509.1656673, 1879.2, 28.72, 1
1758863510.1660256, 1880.2, 27.31, 1
1758863511.1673393, 1881.2, 28.31, 1
1758863512.168723, 1882.2, 26.72, 1
1758863513.1712177, 1883.2, 38.83, 2
1758863514.1724956, 1884.2, 47.95, 2
1758863515.1727207, 1885.2, 56.0, 2
1758863516.173077, 1886.2, 47.65, 2
1758863517.1745858, 1887.2, 49.88, 2
1758863518.1757712, 1888.2, 65.89, 3
1758863519.1764812, 1889.2, 77.06, 3
1758863520.177668, 1890.2, 82.77, 3
1758863521.178987, 1891.2, 70.97, 3
1758863522.18029, 1892.2, 68.38, 3
1758863523.1820154, 1893.2, 89.96, 4
1758863524.1832705, 1894.2, 106.88, 4
1758863525.1833537, 1895.2, 83.71, 4
1758863526.1848621, 1896.2, 101.82, 4
1758863527.1860213, 1897.2, 111.53, 4
1758863528.1867633, 1898.2, 120.58, 6
1758863529.188193, 1899.2, 107.47, 6
1758863530.188985, 1900.2, 82.47, 6
1758863531.189168, 1901.2, 107.63, 6
1758863532.190097, 1902.2, 3.62, 6
1758863533.1917608, 1903.2, 0.0, 4
1758863534.1927257, 1904.2, 0.0, 0
1758863535.1949418, 1905.2, 0.0, 0
1758863536.1958084, 1906.2, 0.0, 0
1758863537.2149212, 1907.2, 0.0, 6
1758863538.20626, 1908.2, 139.74, 6
1758863539.1990838, 1909.2, 59.51, 6
1758863540.1996908, 1910.2, 118.58, 6
1758863541.2008066, 1911.2, 86.24, 6
1758863542.2019413, 1912.2, 84.64, 8
1758863543.2035744, 1913.2, 142.19, 8
1758863544.2034779, 1914.2, 111.78, 8
1758863545.2052462, 1915.2, 51.21, 8
1758863546.2052891, 1916.2, 116.61, 8
1758863547.2062209, 1917.2, 118.27, 8
1758863548.2074718, 1918.2, 104.93, 8
1758863549.2085705, 1919.2, 82.34, 8
1758863550.2090108, 1920.2, 110.48, 8
1758863551.2099946, 1921.2, 102.42, 8
1758863552.2118642, 1922.2, 81.54, 6
1758863553.2122722, 1923.2, 62.42, 6
1758863554.2129812, 1924.2, 55.05, 6
1758863555.213607, 1925.2, 93.56, 5
1758863556.2149312, 1926.2, 95.23, 5
1758863557.2168462, 1927.2, 99.74, 4
1758863558.217182, 1928.2, 89.0, 4
1758863559.2180579, 1929.2, 97.99, 4
1758863560.2182612, 1930.2, 107.1, 4
1758863561.2205133, 1931.3, 74.68, 4
1758863562.2223687, 1932.3, 96.24, 5
1758863563.223596, 1933.3, 79.96, 5
1758863564.2242727, 1934.3, 96.84, 5
1758863565.2260137, 1935.3, 54.55, 5
1758863566.2265024, 1936.3, 72.76, 5
1758863567.2279358, 1937.3, 62.95, 3
1758863568.2287374, 1938.3, 79.42, 3
1758863569.2295709, 1939.3, 71.38, 3
1758863570.2301276, 1940.3, 76.33, 3
1758863571.2310095, 1941.3, 69.33, 3
1758863572.2327657, 1942.3, 68.8, 3
1758863573.2339592, 1943.3, 44.09, 3
1758863574.2349606, 1944.3, 1.36, 3
1758863575.236087, 1945.3, 0.0, 3
1758863576.2389407, 1946.3, 0.0, 3
1758863577.2386277, 1947.3, 0.0, 5
1758863578.2408075, 1948.3, 0.0, 4
1758863579.240615, 1949.3, 0.0, 3
1758863580.2600255, 1950.3, 0.0, 0
1758863581.2433355, 1951.3, 0.0, 0
1758863582.2470891, 1952.3, 0.0, 8
1758863583.2459683, 1953.3, 0.0, 8
1758863584.2484758, 1954.3, 0.0, 8
1758863585.2489269, 1955.3, 0.0, 0
1758863586.2486377, 1956.3, 0.0, 0
1758863587.249424, 1957.3, 0.0, 8
1758863588.25035, 1958.3, 0.0, 8
1758863589.2516315, 1959.3, 0.0, 8
1758863590.252758, 1960.3, 0.0, 0
1758863591.2987387, 1961.3, 0.0, 0
1758863592.2543128, 1962.3, 0.0, 8
1758863593.2554162, 1963.3, 0.0, 8
1758863594.256704, 1964.3, 0.0, 8
1758863595.3432133, 1965.3, 0.0, 0
1758863596.3043673, 1966.3, 0.0, 0
1758863597.2605693, 1967.3, 111.92, 8
1758863598.2627497, 1968.3, 112.56, 8
1758863599.2640395, 1969.3, 41.71, 8
1758863600.2642434, 1970.3, 134.18, 8
1758863601.2670205, 1971.3, 94.59, 8
1758863602.2684934, 1972.3, 115.06, 8
1758863603.2697506, 1973.3, 103.5, 8
1758863604.268496, 1974.3, 49.34, 8
1758863605.2691379, 1975.3, 103.42, 8
1758863606.272165, 1976.3, 64.88, 7
1758863607.273797, 1977.3, 60.9, 7
1758863608.2729461, 1978.3, 27.14, 5
1758863609.2764378, 1979.3, 32.06, 5
1758863610.2751627, 1980.3, 18.27, 4
1758863611.2771149, 1981.3, 32.53, 6
1758863612.2777393, 1982.3, 17.38, 4
1758863613.2776945, 1983.3, 54.1, 4
1758863614.2800784, 1984.3, 27.96, 4
1758863615.280927, 1985.3, 21.82, 4
1758863616.281263, 1986.3, 29.94, 5
1758863617.2831516, 1987.3, 48.54, 5
1758863618.2846582, 1988.3, 36.55, 5
1758863619.289625, 1989.3, 25.23, 5
1758863620.2863846, 1990.3, 50.52, 5
1758863621.2878206, 1991.3, 48.28, 5
1758863622.2884839, 1992.3, 41.01, 5
1758863623.2897496, 1993.3, 30.89, 5
1758863624.2912061, 1994.3, 6.3, 5
1758863625.2917438, 1995.3, 32.82, 5
1758863626.2929404, 1996.3, 42.8, 5
1758863627.2944117, 1997.3, 42.86, 4
1758863628.2949924, 1998.3, 27.11, 4
1758863629.2962797, 1999.3, 13.16, 4
1758863630.2976909, 2000.3, 11.3, 4
1758863631.299001, 2001.3, 65.47, 5
1758863632.299398, 2002.3, 30.35, 5
1758863633.3005595, 2003.3, 19.07, 5
1758863634.301402, 2004.3, 40.62, 5
1758863635.3035173, 2005.3, 31.42, 5
1758863636.3038075, 2006.3, 31.45, 5
1758863637.304814, 2007.3, 41.95, 5
1758863638.3057556, 2008.3, 25.01, 5
1758863639.3073926, 2009.3, 13.91, 5
1758863640.3086221, 2010.3, 47.46, 2
1758863641.309117, 2011.3, 81.77, 6
1758863642.310188, 2012.3, 25.88, 6
1758863643.3109126, 2013.3, 94.6, 6
1758863644.313314, 2014.3, 61.41, 6
1758863645.3151362, 2015.3, 34.29, 6
1758863646.3155499, 2016.3, 17.33, 6
1758863647.3162007, 2017.3, 57.72, 4
1758863648.317301, 2018.3, 23.85, 4
1758863649.3183663, 2019.3, 16.13, 4
1758863650.3192384, 2020.3, 34.89, 3
1758863651.3206096, 2021.4, 42.26, 6
1758863652.322274, 2022.4, 47.02, 6
1758863653.3284323, 2023.4, 68.92, 6
1758863654.3254619, 2024.4, 97.08, 6
1758863655.3269742, 2025.4, 21.39, 6
1758863656.328079, 2026.4, 47.04, 6
1758863657.3294036, 2027.4, 11.23, 5
1758863658.3305547, 2028.4, 51.1, 4
1758863659.3313372, 2029.4, 44.63, 4
1758863660.3321605, 2030.4, 20.37, 4
1758863661.3334599, 2031.4, 32.64, 5
1758863662.3347404, 2032.4, 36.34, 5
1758863663.3362772, 2033.4, 26.21, 5
1758863664.3371775, 2034.4, 41.84, 5
1758863665.3389087, 2035.4, 14.58, 5
1758863666.3461604, 2036.4, 29.42, 5
1758863667.3408725, 2037.4, 10.78, 5
1758863668.3417141, 2038.4, 44.15, 4
1758863669.347169, 2039.4, 48.79, 2
1758863670.342513, 2040.4, 20.01, 2
1758863671.3452554, 2041.4, 43.12, 6
1758863672.345507, 2042.4, 57.16, 6
1758863673.3457565, 2043.4, 33.1, 6
1758863674.34688, 2044.4, 18.21, 5
1758863675.348171, 2045.4, 28.54, 5
1758863676.3498027, 2046.4, 69.61, 4
1758863677.3505142, 2047.4, 30.4, 4
1758863678.3518658, 2048.4, 30.64, 4
1758863679.35291, 2049.4, 16.43, 3
1758863680.3534753, 2050.4, 23.18, 3
1758863681.3554018, 2051.4, 64.05, 6
1758863682.3570406, 2052.4, 34.5, 6
1758863683.3599296, 2053.4, 16.36, 6
1758863684.3591993, 2054.4, 55.27, 6
1758863685.3628983, 2055.4, 31.65, 1
1758863686.3764074, 2056.4, 18.65, 1
1758863687.364395, 2057.4, 21.97, 1
1758863688.3674533, 2058.4, 25.96, 1
1758863689.3677542, 2059.4, 30.44, 1
1758863690.3767376, 2060.4, 25.56, 3
1758863691.3708317, 2061.4, 77.19, 3
1758863692.3703563, 2062.4, 75.01, 3
1758863693.3713593, 2063.4, 69.92, 3
1758863694.3724167, 2064.4, 76.79, 3
1758863695.3754022, 2065.4, 68.01, 7
1758863696.3750732, 2066.4, 91.47, 7
1758863697.375558, 2067.4, 105.76, 7
1758863698.3764646, 2068.4, 109.38, 7
1758863699.3788505, 2069.4, 61.57, 7
1758863700.3790107, 2070.4, 88.98, 7
1758863701.3821526, 2071.4, 85.58, 7
1758863702.3814113, 2072.4, 59.77, 7
1758863703.382797, 2073.4, 27.6, 7
1758863704.3836963, 2074.4, 62.97, 6
1758863705.38577, 2075.4, 28.52, 4
1758863706.3890464, 2076.4, 26.06, 4
1758863707.3879313, 2077.4, 34.57, 4
1758863708.3897977, 2078.4, 54.5, 4
1758863709.3907952, 2079.4, 50.14, 4
1758863710.3918343, 2080.4, 78.45, 7
1758863711.3927033, 2081.4, 49.47, 7
1758863712.3935888, 2082.4, 33.24, 7
1758863713.395359, 2083.4, 29.36, 7
1758863714.3963747, 2084.4, 76.15, 6
1758863715.3973937, 2085.4, 11.79, 6
1758863716.398548, 2086.4, 84.92, 6
1758863717.4002435, 2087.4, 41.25, 6
1758863718.4014573, 2088.4, 11.89, 6
1758863719.4028842, 2089.4, 36.77, 3
1758863720.4038854, 2090.4, 56.06, 5
1758863721.403484, 2091.4, 32.65, 5
1758863722.4049408, 2092.4, 40.57, 5
1758863723.406655, 2093.4, 31.05, 5
1758863724.408002, 2094.4, 34.32, 5
1758863725.4091444, 2095.4, 21.36, 5
1758863726.4102407, 2096.4, 45.61, 5
1758863727.4114459, 2097.4, 21.17, 5
1758863728.4127357, 2098.4, 23.49, 5
1758863729.414289, 2099.4, 48.63, 4
1758863730.4146483, 2100.4, 20.59, 5
1758863731.4173975, 2101.4, 46.2, 5
1758863732.4172728, 2102.4, 14.34, 5
1758863733.4188116, 2103.4, 29.62, 5
1758863734.4193783, 2104.4, 32.54, 5
1758863735.4203954, 2105.5, 22.29, 4
1758863736.4214673, 2106.5, 40.95, 4
1758863737.422569, 2107.5, 13.79, 4
1758863738.4242547, 2108.5, 29.86, 4
1758863739.424829, 2109.5, 27.01, 4
1758863740.426622, 2110.5, 35.8, 5
1758863741.4276936, 2111.5, 38.6, 5
1758863742.4290707, 2112.5, 10.36, 5
1758863743.430441, 2113.5, 47.19, 5
1758863744.431015, 2114.5, 28.84, 5
1758863745.4321578, 2115.5, 15.94, 5
1758863746.4334946, 2116.5, 22.6, 5
1758863747.434922, 2117.5, 59.76, 4
1758863748.4359584, 2118.5, 23.94, 4
1758863749.4375408, 2119.5, 18.05, 4
1758863750.4390974, 2120.5, 52.86, 5
1758863751.4395876, 2121.5, 22.36, 5
1758863752.4405718, 2122.5, 44.69, 5
1758863753.4420443, 2123.5, 12.57, 5
1758863754.4451728, 2124.5, 61.04, 5
1758863755.4632332, 2125.5, 8.03, 2
1758863756.4514663, 2126.5, 39.23, 2
1758863757.4523132, 2127.5, 44.2, 2
1758863758.448189, 2128.5, 38.69, 2
1758863759.4493136, 2129.5, 34.98, 2
1758863760.4503362, 2130.5, 47.34, 2
1758863761.4568696, 2131.5, 35.45, 2
1758863762.4533691, 2132.5, 32.73, 2
1758863763.4545395, 2133.5, 48.04, 2
1758863764.4557247, 2134.5, 48.52, 2
1758863765.457425, 2135.5, 31.02, 1
1758863766.4577904, 2136.5, 25.06, 1
1758863767.458903, 2137.5, 22.54, 1
1758863768.4604998, 2138.5, 23.18, 1
1758863769.465194, 2139.5, 26.56, 1
1758863770.4634042, 2140.5, 60.22, 3
1758863771.463054, 2141.5, 75.3, 3
1758863772.4641256, 2142.5, 80.63, 3
1758863773.465642, 2143.5, 68.06, 3
1758863774.4670448, 2144.5, 68.71, 3
1758863775.4684052, 2145.5, 101.46, 7
1758863776.468909, 2146.5, 127.47, 7
1758863777.4701426, 2147.5, 34.96, 7
1758863778.4712813, 2148.5, 76.89, 7
1758863779.4726772, 2149.5, 107.23, 7
1758863780.4905756, 2150.5, 27.62, 7
1758863781.4744923, 2151.5, 102.15, 7
1758863782.475486, 2152.5, 29.35, 7
1758863783.4774597, 2153.5, 56.93, 7
1758863784.4776447, 2154.5, 52.28, 7
1758863785.4791517, 2155.5, 20.48, 6
1758863786.5042205, 2156.5, 51.14, 5
1758863787.4809535, 2157.5, 36.9, 5
1758863788.4827528, 2158.5, 19.19, 5
1758863789.4839146, 2159.5, 57.64, 5
1758863790.4848166, 2160.5, 36.98, 5
1758863791.4869483, 2161.5, 30.4, 5
1758863792.487747, 2162.5, 23.47, 5
1758863793.4899707, 2163.5, 40.96, 4
1758863794.490546, 2164.5, 52.02, 1
1758863795.4927452, 2165.5, 7.49, 1
1758863796.4932213, 2166.5, 14.65, 1
1758863797.4941711, 2167.5, 25.0, 1
1758863798.4957337, 2168.5, 19.96, 1
1758863799.4970355, 2169.5, 30.0, 2
1758863800.4984016, 2170.5, 52.61, 2
1758863801.4992073, 2171.5, 48.51, 2
1758863802.4999068, 2172.5, 57.62, 2
1758863803.5020978, 2173.5, 51.85, 2
1758863804.5036404, 2174.5, 60.18, 4
1758863805.5044174, 2175.5, 93.75, 4
1758863806.5049267, 2176.5, 90.71, 4
1758863807.506784, 2177.5, 87.51, 4
1758863808.5075033, 2178.5, 54.49, 4
1758863809.5091333, 2179.5, 0.14, 0
1758863810.5364132, 2180.5, 0.0, 0
1758863811.511161, 2181.5, 0.0, 0
1758863812.512696, 2182.5, 0.0, 0
1758863813.5134318, 2183.5, 0.0, 0
1758863814.5145228, 2184.5, 18.59, 2
1758863815.515351, 2185.5, 44.68, 2
1758863816.5178423, 2186.5, 46.75, 2
1758863817.5182667, 2187.5, 48.6, 2
1758863818.5198462, 2188.5, 49.76, 2
1758863819.5211535, 2189.6, 67.28, 4
1758863820.5227349, 2190.6, 90.06, 4
1758863821.5241823, 2191.6, 98.61, 4
1758863822.5252292, 2192.6, 94.99, 4
1758863823.5257058, 2193.6, 101.3, 4
1758863824.5268762, 2194.6, 110.56, 6
1758863825.5280526, 2195.6, 71.93, 6
1758863826.528179, 2196.6, 50.55, 6
1758863827.530622, 2197.6, 55.19, 6
1758863828.5322883, 2198.6, 36.86, 4
1758863829.5340629, 2199.6, 32.59, 2
1758863830.535393, 2200.6, 16.33, 2
1758863831.536239, 2201.6, 29.34, 2
1758863832.5353084, 2202.6, 47.58, 2
1758863833.5371974, 2203.6, 45.81, 2
1758863834.538415, 2204.6, 107.49, 6
1758863835.5387511, 2205.6, 57.83, 6
1758863836.539813, 2206.6, 94.59, 6
1758863837.539961, 2207.6, 69.46, 6
1758863838.5411265, 2208.6, 53.99, 6
1758863839.5427418, 2209.6, 72.46, 5
1758863840.5449972, 2210.6, 15.16, 5
1758863841.5458686, 2211.6, 68.13, 5
1758863842.5464165, 2212.6, 28.9, 5
1758863843.5483491, 2213.6, 90.07, 5
1758863844.551552, 2214.6, 47.88, 1
1758863845.5513926, 2215.6, 21.41, 1
1758863846.5511122, 2216.6, 23.5, 1
1758863847.5525815, 2217.6, 25.33, 1
1758863848.5536335, 2218.6, 28.46, 1
1758863849.5556445, 2219.6, 50.43, 2
1758863850.5565746, 2220.6, 45.24, 2
1758863851.5583231, 2221.6, 47.5, 2
1758863852.5585368, 2222.6, 40.98, 2
1758863853.560446, 2223.6, 49.02, 2
1758863854.562078, 2224.6, 76.41, 3
1758863855.563117, 2225.6, 74.24, 3
1758863856.5638754, 2226.6, 74.75, 3
1758863857.5653179, 2227.6, 84.59, 3
1758863858.567678, 2228.6, 72.54, 5
1758863859.5677001, 2229.6, 109.31, 5
1758863860.5685477, 2230.6, 91.0, 5
1758863861.5692515, 2231.6, 107.86, 5
1758863862.5702224, 2232.6, 73.47, 5
1758863863.571612, 2233.6, 35.33, 1
1758863864.5724206, 2234.6, 20.45, 1
1758863865.5733762, 2235.6, 24.41, 1
1758863866.5745726, 2236.6, 22.68, 1
1758863867.5759025, 2237.6, 29.39, 1
1758863868.5762424, 2238.6, 28.26, 2
1758863869.5778663, 2239.6, 42.91, 2
1758863870.5801046, 2240.6, 50.08, 2
1758863871.5800362, 2241.6, 51.24, 2
1758863872.5813777, 2242.6, 45.52, 2
1758863873.5827127, 2243.6, 62.0, 4
1758863874.5843658, 2244.6, 88.9, 4
1758863875.5860744, 2245.6, 88.89, 4
1758863876.587185, 2246.6, 76.36, 4
1758863877.5873516, 2247.6, 53.43, 4
1758863878.5884097, 2248.6, 17.46, 3
1758863879.589995, 2249.6, 58.33, 3
1758863880.591361, 2250.6, 53.64, 3
1758863881.5931816, 2251.6, 66.2, 3
1758863882.5939727, 2252.6, 25.72, 3
1758863883.5961905, 2253.6, 24.5, 2
1758863884.5969687, 2254.6, 22.39, 2
1758863885.5967598, 2255.6, 45.62, 2
1758863886.598547, 2256.6, 0.0, 2
1758863887.5994925, 2257.6, 49.73, 2
1758863888.6010528, 2258.6, 55.23, 3
1758863889.6023736, 2259.6, 66.4, 3
1758863890.602564, 2260.6, 74.46, 3
1758863891.6049352, 2261.6, 61.11, 3
1758863892.6060412, 2262.6, 70.87, 3
1758863893.6067324, 2263.6, 112.05, 8
1758863894.607699, 2264.6, 76.68, 8
1758863895.6086981, 2265.6, 134.88, 8
1758863896.6090808, 2266.6, 72.79, 8
1758863897.6103888, 2267.6, 99.56, 8
1758863898.612121, 2268.6, 97.88, 8
1758863899.6125627, 2269.6, 118.97, 8
1758863900.6170826, 2270.6, 110.37, 8
1758863901.61409, 2271.6, 69.06, 8
1758863902.6149013, 2272.6, 141.12, 8
1758863903.6165588, 2273.6, 62.93, 5
1758863904.618079, 2274.6, 108.76, 5
1758863905.6188774, 2275.6, 116.11, 5
1758863906.61998, 2276.7, 96.14, 5
1758863907.6209967, 2277.7, 115.84, 5
1758863908.6230555, 2278.7, 97.74, 4
1758863909.624403, 2279.7, 90.56, 4
1758863910.6248744, 2280.7, 94.98, 4
1758863911.6292748, 2281.7, 92.35, 4
1758863912.6324081, 2282.7, 93.99, 4
1758863913.6288064, 2283.7, 111.59, 5
1758863914.629247, 2284.7, 115.72, 5
1758863915.6299515, 2285.7, 120.46, 5
1758863916.6311166, 2286.7, 113.51, 5
1758863917.6322956, 2287.7, 98.99, 5
1758863918.633652, 2288.7, 121.61, 6
1758863919.634698, 2289.7, 49.62, 6
1758863920.6359076, 2290.7, 130.93, 6
1758863921.6368022, 2291.7, 100.17, 6
1758863922.6378107, 2292.7, 68.24, 6
1758863923.639153, 2293.7, 86.82, 3
1758863924.6401114, 2294.7, 72.87, 3
1758863925.6456637, 2295.7, 75.7, 3
1758863926.642292, 2296.7, 78.18, 3
1758863927.643664, 2297.7, 83.51, 3
1758863928.644979, 2298.7, 59.63, 2
1758863929.6460133, 2299.7, 48.83, 2
1758863930.6530867, 2300.7, 47.55, 2
1758863931.6495929, 2301.7, 50.51, 2
1758863932.6499898, 2302.7, 46.87, 3
1758863933.6515093, 2303.7, 76.79, 3
1758863934.6546922, 2304.7, 74.27, 3
1758863935.6534204, 2305.7, 72.38, 3
1758863936.6540205, 2306.7, 80.54, 3
1758863937.655488, 2307.7, 66.49, 5
1758863938.6567912, 2308.7, 131.58, 5
1758863939.6578543, 2309.7, 112.61, 5
1758863940.6592257, 2310.7, 81.51, 5
1758863941.6620882, 2311.7, 78.39, 5
1758863942.6612093, 2312.7, 52.19, 4
1758863943.6663043, 2313.7, 0.0, 4
1758863944.664138, 2314.7, 0.0, 4
1758863945.6647644, 2315.7, 0.0, 1
1758863946.6674347, 2316.7, 0.0, 1
1758863947.666978, 2317.7, 0.0, 7
1758863948.668528, 2318.7, 0.0, 6
1758863949.6699066, 2319.7, 0.0, 6
1758863950.671751, 2320.7, 0.0, 0
1758863951.6728857, 2321.7, 0.0, 0
1758863952.672043, 2322.7, 0.0, 5
1758863953.6737337, 2323.7, 0.0, 5
1758863954.6743875, 2324.7, 0.0, 5
1758863955.6936305, 2325.7, 0.0, 0
1758863956.7112377, 2326.7, 0.0, 0
1758863957.6786067, 2327.7, 56.25, 8
1758863958.679417, 2328.7, 22.46, 8
1758863959.680641, 2329.7, 147.98, 8
1758863960.6815965, 2330.7, 63.41, 8
1758863961.6836276, 2331.7, 40.89, 8
1758863962.6843638, 2332.7, 51.43, 8
1758863963.6858168, 2333.7, 39.36, 7
1758863964.6866262, 2334.7, 47.72, 6
1758863965.6890652, 2335.7, 70.75, 6
1758863966.6891851, 2336.7, 33.65, 4
1758863967.6896622, 2337.7, 30.33, 5
1758863968.6922245, 2338.7, 26.63, 5
1758863969.693501, 2339.7, 17.74, 5
1758863970.694206, 2340.7, 36.32, 5
1758863971.6959677, 2341.7, 42.96, 5
1758863972.696945, 2342.7, 47.5, 5
1758863973.697747, 2343.7, 17.23, 5
1758863974.6994464, 2344.7, 29.01, 5
1758863975.700891, 2345.7, 34.82, 3
1758863976.7013638, 2346.7, 19.84, 3
1758863977.70341, 2347.7, 58.45, 5
1758863978.7056503, 2348.7, 13.65, 5
1758863979.705206, 2349.7, 22.43, 5
1758863980.7061305, 2350.7, 54.11, 4
1758863981.707578, 2351.7, 25.82, 4
1758863982.7084055, 2352.7, 17.32, 5
1758863983.7099895, 2353.7, 37.36, 5
1758863984.7107553, 2354.7, 48.92, 5
1758863985.7119, 2355.7, 42.97, 5
1758863986.7126303, 2356.7, 7.22, 5
1758863987.7135773, 2357.7, 39.98, 3
1758863988.7153077, 2358.7, 25.2, 3
1758863989.7166212, 2359.7, 35.65, 3
1758863990.7173288, 2360.7, 26.59, 3
1758863991.7184348, 2361.7, 54.81, 3
1758863992.7196546, 2362.7, 19.32, 5
1758863993.7211502, 2363.8, 47.22, 5
1758863994.7227538, 2364.8, 11.45, 5
1758863995.7232504, 2365.8, 18.28, 5
1758863996.7245367, 2366.8, 53.81, 5
1758863997.7255647, 2367.8, 23.52, 4
1758863998.7268598, 2368.8, 36.14, 4
1758863999.7279131, 2369.8, 9.45, 2
1758864000.7289183, 2370.8, 26.81, 2
1758864001.7294655, 2371.8, 28.34, 2
1758864002.7305927, 2372.8, 18.55, 3
1758864003.7314818, 2373.8, 62.9, 3
1758864004.7331183, 2374.8, 0.0, 3
1758864005.734028, 2375.8, 70.31, 3
1758864006.7439742, 2376.8, 53.4, 2
1758864007.7361987, 2377.8, 15.59, 2
1758864008.737548, 2378.8, 33.58, 2
1758864009.7388282, 2379.8, 25.7, 2
1758864010.7397764, 2380.8, 37.09, 2
1758864011.741341, 2381.8, 38.66, 3
1758864012.741761, 2382.8, 55.39, 3
1758864013.743671, 2383.8, 35.5, 3
1758864014.7449083, 2384.8, 32.82, 3
1758864015.7476192, 2385.8, 7.03, 3
1758864016.7478185, 2386.8, 52.85, 0
1758864017.7481012, 2387.8, 3.69, 0
1758864018.7484722, 2388.8, 0.0, 0
1758864019.7500753, 2389.8, 0.0, 0
1758864020.7713392, 2390.8, 0.0, 0
1758864021.752715, 2391.8, 5.22, 2
1758864022.7528412, 2392.8, 58.6, 2
1758864023.7544186, 2393.8, 46.03, 2
1758864024.7552192, 2394.8, 54.11, 2
1758864025.7575023, 2395.8, 49.86, 2
1758864026.758566, 2396.8, 64.12, 4
1758864027.7597752, 2397.8, 94.26, 4
1758864028.7608788, 2398.8, 105.15, 4
1758864029.7621896, 2399.8, 88.43, 4
1758864030.7629755, 2400.8, 91.19, 4
1758864031.7637858, 2401.8, 106.29, 5
1758864032.7653887, 2402.8, 103.34, 5
1758864033.7667098, 2403.8, 93.43, 5
1758864034.767893, 2404.8, 104.4, 5
1758864035.7682235, 2405.8, 78.28, 5
1758864036.769668, 2406.8, 43.3, 2
1758864037.7712867, 2407.8, 25.97, 2
1758864038.7755678, 2408.8, 52.66, 2
1758864039.7727518, 2409.8, 49.98, 2
1758864040.7735956, 2410.8, 48.54, 2
1758864041.775318, 2411.8, 34.44, 1
1758864042.7813723, 2412.8, 24.43, 1
1758864043.7785785, 2413.8, 21.86, 1
1758864044.7797163, 2414.8, 25.34, 1
1758864045.7809806, 2415.8, 23.96, 1
1758864046.7809017, 2416.8, 42.21, 2
1758864047.7827945, 2417.8, 50.44, 2
1758864048.7840004, 2418.8, 51.53, 2
1758864049.7878268, 2419.8, 51.49, 2
1758864050.7859743, 2420.8, 40.72, 2
1758864051.7874968, 2421.8, 82.24, 4
1758864052.7887588, 2422.8, 96.58, 4
1758864053.799709, 2423.8, 89.91, 4
1758864054.8008728, 2424.8, 99.0, 4
1758864055.7927375, 2425.8, 98.19, 4
1758864056.7932217, 2426.8, 84.4, 6
1758864057.79446, 2427.8, 96.52, 6
1758864058.7956107, 2428.8, 82.91, 6
1758864059.7962186, 2429.8, 65.71, 6
1758864060.797282, 2430.8, 116.77, 6
1758864061.7991796, 2431.8, 67.71, 5
1758864062.7998586, 2432.8, 23.63, 5
1758864063.8015034, 2433.8, 56.52, 5
1758864064.802007, 2434.8, 78.81, 3
1758864065.803529, 2435.8, 70.7, 3
1758864066.8046563, 2436.8, 98.78, 6
1758864067.8073616, 2437.8, 104.86, 6
1758864068.814871, 2438.8, 47.56, 6
1758864069.810988, 2439.8, 128.07, 6
1758864070.8094115, 2440.8, 47.03, 6
1758864071.8119652, 2441.8, 65.93, 8
1758864072.8186393, 2442.8, 37.12, 8
1758864073.8208807, 2443.8, 75.14, 8
1758864074.8137913, 2444.8, 113.91, 5
1758864075.8150213, 2445.8, 61.16, 5
1758864076.815313, 2446.8, 53.23, 6
1758864077.817753, 2447.8, 34.9, 6
1758864078.8183084, 2448.8, 16.51, 6
1758864079.8190455, 2449.8, 50.14, 5
1758864080.8235517, 2450.9, 42.54, 6
1758864081.8214731, 2451.9, 26.41, 6
1758864082.8224719, 2452.9, 55.18, 6
1758864083.8291194, 2453.9, 58.58, 6
1758864084.8250062, 2454.9, 35.77, 6
1758864085.826036, 2455.9, 21.69, 6
1758864086.8268201, 2456.9, 51.23, 5
1758864087.8279629, 2457.9, 30.77, 5
1758864088.8290975, 2458.9, 40.97, 4
1758864089.8301895, 2459.9, 46.9, 4
1758864090.8368185, 2460.9, 54.65, 5
1758864091.8341832, 2461.9, 11.79, 5
1758864092.8329139, 2462.9, 52.39, 5
1758864093.837766, 2463.9, 22.74, 5
1758864094.8359783, 2464.9, 37.49, 5
1758864095.8365726, 2465.9, 38.19, 5
1758864096.8375607, 2466.9, 6.99, 5
1758864097.8521287, 2467.9, 48.21, 4
1758864098.8400095, 2468.9, 42.81, 4
1758864099.8406663, 2469.9, 33.63, 4
1758864100.8418431, 2470.9, 19.25, 2
1758864101.8432, 2471.9, 12.81, 2
1758864102.8883574, 2472.9, 2.83, 1
1758864103.8905337, 2473.9, 23.43, 1
1758864104.8912623, 2474.9, 21.76, 1
1758864105.8494415, 2475.9, 68.38, 5
1758864106.8502781, 2476.9, 86.53, 5
1758864107.8508303, 2477.9, 19.52, 5
1758864108.851807, 2478.9, 58.91, 5
1758864109.8532732, 2479.9, 13.85, 5
1758864110.8545558, 2480.9, 40.18, 0
1758864111.8555005, 2481.9, 0.0, 0
1758864112.856599, 2482.9, 0.0, 0
1758864113.874672, 2483.9, 0.0, 0
1758864114.8774035, 2484.9, 0.0, 0
1758864115.8604438, 2485.9, 23.09, 2
1758864116.8614283, 2486.9, 45.33, 2
1758864117.8620913, 2487.9, 49.75, 2
1758864118.8633072, 2488.9, 47.4, 2
1758864119.8655381, 2489.9, 55.03, 2
1758864120.8658257, 2490.9, 78.15, 4
1758864121.8674464, 2491.9, 92.56, 4
1758864122.8678558, 2492.9, 94.59, 4
1758864123.8684876, 2493.9, 91.27, 4
1758864124.8698637, 2494.9, 106.32, 4
1758864125.8715239, 2495.9, 105.95, 6
1758864126.8721619, 2496.9, 55.65, 6
1758864127.873545, 2497.9, 55.88, 6
1758864128.8750002, 2498.9, 72.07, 6
1758864129.8754678, 2499.9, 38.2, 6
1758864130.8764687, 2500.9, 13.83, 1
1758864131.8776138, 2501.9, 15.24, 1
1758864132.8795936, 2502.9, 24.63, 1
1758864133.8809311, 2503.9, 25.01, 1
1758864134.882859, 2504.9, 23.71, 1
1758864135.8832948, 2505.9, 47.19, 2
1758864136.8847377, 2506.9, 51.31, 2
1758864137.8847878, 2507.9, 54.53, 2
1758864138.8855495, 2508.9, 52.63, 2
1758864139.8865964, 2509.9, 55.31, 2
1758864140.8884468, 2510.9, 89.6, 4
1758864141.888515, 2511.9, 86.53, 4
1758864142.893447, 2512.9, 78.15, 4
1758864143.8938286, 2513.9, 99.86, 4
1758864144.891907, 2514.9, 47.99, 4
1758864145.8936534, 2515.9, 33.08, 3
1758864146.8944364, 2516.9, 66.09, 3
1758864147.8951056, 2517.9, 42.07, 3
1758864148.8962274, 2518.9, 40.01, 3
1758864149.8988032, 2519.9, 27.65, 3
1758864150.8987043, 2520.9, 54.33, 4
1758864151.900229, 2521.9, 33.32, 4
1758864152.9009745, 2522.9, 6.77, 4
1758864153.9072952, 2523.9, 72.32, 4
1758864154.9087987, 2524.9, 33.8, 5
1758864155.907978, 2525.9, 96.43, 5
1758864156.9062104, 2526.9, 69.79, 5
1758864157.9065995, 2527.9, 1.0, 5
1758864158.9082608, 2528.9, 0.0, 5
1758864159.9096336, 2529.9, 0.0, 1
1758864160.9100385, 2530.9, 0.0, 1
1758864161.9168832, 2531.9, 0.0, 1
1758864162.9544103, 2532.9, 0.0, 0
1758864163.9462185, 2533.9, 0.0, 0
1758864164.915502, 2534.9, 0.0, 2
1758864165.9171987, 2535.9, 0.0, 2
1758864166.9175396, 2536.9, 0.0, 2
1758864167.918168, 2537.9, 0.0, 0
1758864168.9196007, 2539.0, 0.0, 0
1758864169.9205348, 2540.0, 0.0, 4
1758864170.9223788, 2541.0, 0.0, 4
1758864171.9237893, 2542.0, 0.0, 4
1758864172.924074, 2543.0, 0.0, 0
1758864173.9252732, 2544.0, 0.0, 0
1758864174.9264588, 2545.0, 0.0, 8
1758864175.9278214, 2546.0, 0.0, 8
1758864176.9293685, 2547.0, 0.0, 8
1758864177.930108, 2548.0, 0.0, 0
1758864178.9309013, 2549.0, 0.0, 0
1758864179.932264, 2550.0, 0.0, 8
1758864180.934024, 2551.0, 0.0, 8
1758864181.9346104, 2552.0, 0.0, 8
1758864182.986814, 2553.0, 0.0, 0
1758864183.9361799, 2554.0, 0.0, 0
1758864184.9375787, 2555.0, 0.0, 8
1758864185.9381616, 2556.0, 0.0, 8
1758864186.9392102, 2557.0, 0.0, 8
1758864187.9399674, 2558.0, 0.0, 0
1758864188.9418097, 2559.0, 0.0, 0
